hotel,is_canceled,lead_time,arrival_date_year,arrival_date_month,arrival_date_week_number,arrival_date_day_of_month,stays_in_weekend_nights,stays_in_week_nights,adults,children,babies,meal,country,market_segment,distribution_channel,is_repeated_guest,previous_cancellations,previous_bookings_not_canceled,reserved_room_type,assigned_room_type,booking_changes,deposit_type,agent,days_in_waiting_list,customer_type,adr,required_car_parking_spaces,total_of_special_requests,reservation_status,reservation_status_date,adr_standardised,lead_time_normalised
City Hotel,1,314,2015,August,35,27,0,2,2,0,0,BB,PRT,Groups,TA/TO,1,1,0,A,A,0,No Deposit,1.0,0,Transient-Party,62.8,0,0,Canceled,17-10-2014,-0.9198171619370255,0.5761467889908257
City Hotel,0,170,2017,August,31,5,0,1,2,0,0,BB,NLD,Online TA,TA/TO,0,0,0,A,A,0,No Deposit,9.0,0,Transient,130.5,0,1,Check-Out,06-08-2017,0.4391061082145976,0.3119266055045872
City Hotel,0,30,2015,October,41,8,0,0,2,0,0,BB,PRT,Offline TA/TO,TA/TO,0,0,0,A,K,0,No Deposit,50.0,0,Transient,0.0,0,0,Check-Out,08-10-2015,-2.1803840949580287,0.05504587155963303
City Hotel,1,323,2015,September,36,5,2,2,2,0,0,BB,PRT,Groups,TA/TO,0,1,0,A,A,0,No Deposit,1.0,0,Transient-Party,62.0,0,0,Canceled,06-07-2015,-0.9358753394277388,0.5926605504587157
Resort Hotel,0,288,2015,September,36,2,1,4,2,0,0,BB,PRT,Online TA,TA/TO,0,0,0,A,A,2,No Deposit,240.0,0,Transient-Party,110.7,0,0,Check-Out,07-09-2015,0.041666215319440564,0.5284403669724771
City Hotel,1,46,2017,June,25,20,0,1,2,0,0,BB,PRT,Groups,TA/TO,0,0,0,A,A,0,No Deposit,229.0,0,Transient-Party,90.0,0,0,Canceled,06-06-2017,-0.3738391272527692,0.08440366972477065
City Hotel,0,110,2016,August,35,21,2,5,2,2,0,BB,FRA,Online TA,TA/TO,0,0,0,G,G,0,No Deposit,7.0,0,Transient,205.38,0,2,Check-Out,28-08-2016,1.9421515213453735,0.2018348623853211
City Hotel,0,7,2016,May,21,19,0,2,2,2,0,BB,BRA,Online TA,TA/TO,0,0,0,G,G,0,No Deposit,8.0,0,Transient,296.0,0,2,Check-Out,21-05-2016,3.7611415766059357,0.012844036697247707
Resort Hotel,0,12,2016,August,33,13,1,1,2,0,0,BB,ESP,Online TA,TA/TO,0,0,0,E,E,0,No Deposit,240.0,0,Transient,270.0,0,1,Check-Out,15-08-2016,3.23925080815775,0.022018348623853212
City Hotel,1,30,2016,June,23,2,0,2,2,0,0,BB,PRT,Offline TA/TO,TA/TO,0,0,0,A,A,0,Non Refund,235.0,0,Transient,140.0,0,0,Canceled,03-05-2016,0.6297969659168194,0.05504587155963303
Resort Hotel,1,99,2015,August,34,22,2,2,2,0,0,HB,PRT,Online TA,TA/TO,0,0,0,A,A,0,No Deposit,240.0,0,Transient,166.0,0,2,Canceled,23-07-2015,1.1516877343650056,0.06422018348623854
Resort Hotel,0,35,2016,December,52,21,0,2,1,0,0,BB,PRT,Online TA,TA/TO,1,0,5,A,D,2,No Deposit,314.0,0,Group,34.4,0,0,Check-Out,23-12-2016,-1.4898824628573517,0.15412844036697249
City Hotel,0,84,2015,November,48,27,1,2,2,0,0,BB,PRT,Groups,TA/TO,0,0,0,A,A,0,No Deposit,1.0,0,Transient-Party,64.0,0,0,Check-Out,30-11-2015,-0.8957298957009553,0.8330275229357799
City Hotel,1,454,2016,October,41,6,0,2,2,0,0,BB,PRT,Groups,TA/TO,0,0,0,A,A,0,Non Refund,1.0,0,Transient,62.0,0,0,Canceled,21-10-2015,-0.9358753394277388,0.1981651376146789
City Hotel,1,108,2017,July,30,24,1,2,3,0,0,BB,NLD,Online TA,TA/TO,0,0,0,D,D,0,No Deposit,9.0,0,Transient,195.0,0,1,Canceled,17-04-2017,1.733796668403367,0.13577981651376148
City Hotel,0,85,2015,September,40,30,0,3,2,0,0,HB,DEU,Offline TA/TO,TA/TO,0,0,0,A,A,0,No Deposit,31.0,80,Transient-Party,125.0,0,0,Check-Out,03-10-2015,0.32870613796594284,0.7431192660550459
Resort Hotel,0,74,2016,April,15,9,2,5,1,0,0,BB,IRL,Groups,TA/TO,0,0,0,A,A,1,No Deposit,91.0,0,Transient-Party,36.0,0,0,Check-Out,16-04-2016,-1.457766107875925,0.326605504587156
City Hotel,0,405,2017,July,27,4,0,2,2,0,0,HB,DEU,Offline TA/TO,TA/TO,0,0,0,A,A,0,No Deposit,6.0,0,Transient-Party,114.4,0,0,Check-Out,06-07-2017,0.11593528621399017,0.3926605504587156
City Hotel,1,178,2016,April,18,28,0,3,1,0,0,BB,PRT,Offline TA/TO,TA/TO,0,1,0,A,A,0,Non Refund,19.0,46,Transient,110.0,0,0,Canceled,18-12-2015,0.027615310015066265,0.029357798165137616
City Hotel,0,214,2017,March,13,26,2,2,2,0,0,BB,DEU,Online TA,TA/TO,0,0,0,A,A,0,No Deposit,9.0,0,Transient,88.4,0,2,Check-Out,30-03-2017,-0.4059554822341959,0.005504587155963303
City Hotel,0,47,2016,February,8,20,0,1,2,0,0,BB,GBR,Online TA,TA/TO,0,0,0,B,B,1,No Deposit,9.0,0,Transient-Party,71.52,0,0,Check-Out,21-02-2016,-0.7447830272882492,0.03669724770642202
Resort Hotel,1,46,2017,May,22,31,1,4,2,0,0,HB,PRT,Online TA,TA/TO,0,0,0,A,A,0,No Deposit,240.0,0,Transient,172.0,0,1,Canceled,10-05-2017,1.272124065545356,0.07706422018348624
Resort Hotel,1,16,2016,August,34,18,0,3,2,0,0,BB,RUS,Online TA,TA/TO,0,0,0,E,E,0,No Deposit,240.0,0,Transient,247.33,0,1,Canceled,08-08-2016,2.7842022035146585,0.003669724770642202
Resort Hotel,0,3,2016,January,3,11,1,2,1,0,0,BB,PRT,Offline TA/TO,TA/TO,0,0,0,A,D,0,No Deposit,96.0,0,Transient,25.0,0,0,Check-Out,14-01-2016,-1.6785660483732343,0.023853211009174313
Resort Hotel,0,20,2016,July,31,24,2,2,2,0,0,BB,IRL,Online TA,TA/TO,0,0,0,D,D,0,No Deposit,241.0,0,Transient,149.38,0,2,Check-Out,28-07-2016,0.8180790969954341,0.3100917431192661
City Hotel,0,42,2016,August,35,23,0,5,3,0,0,BB,ESP,Online TA,TA/TO,0,0,0,D,D,0,No Deposit,9.0,0,Transient,168.3,0,0,Check-Out,28-08-2016,1.1978549946508068,0.3834862385321101
Resort Hotel,0,2,2016,October,44,23,2,2,1,0,0,SC,SWE,Online TA,TA/TO,0,0,0,A,I,0,No Deposit,241.0,0,Transient,4.5,0,1,Check-Out,27-10-2016,-2.090056846572766,0.05504587155963303
Resort Hotel,0,4,2017,April,15,14,1,2,2,0,0,HB,PRT,Offline TA/TO,TA/TO,0,0,0,E,E,3,No Deposit,181.0,0,Transient-Party,148.1,0,0,Check-Out,17-04-2017,0.7923860130102927,0.41834862385321103
Resort Hotel,0,13,2016,November,46,7,1,4,2,0,0,BB,USA,Offline TA/TO,TA/TO,0,0,0,D,E,1,No Deposit,6.0,0,Transient,37.0,0,0,Check-Out,12-11-2016,-1.4376933860125332,0.03669724770642202
Resort Hotel,0,169,2016,April,16,16,2,4,3,0,0,HB,FRA,Offline TA/TO,TA/TO,0,0,0,A,C,1,No Deposit,196.0,0,Transient,80.1,0,1,Check-Out,22-04-2016,-0.5725590737003479,0.047706422018348627
City Hotel,1,215,2016,November,49,30,0,4,0,2,0,BB,ROU,Online TA,TA/TO,0,0,0,B,B,0,No Deposit,9.0,0,Transient,67.26,0,0,Canceled,03-08-2016,-0.830292822426298,0.1889908256880734
City Hotel,0,209,2016,August,34,16,0,4,2,0,0,BB,MOZ,Online TA,TA/TO,0,0,0,A,A,3,No Deposit,9.0,0,Transient-Party,90.95,0,1,Check-Out,20-08-2016,-0.3547700414825469,0.14678899082568808
City Hotel,0,30,2017,April,13,1,1,1,2,0,0,BB,BRA,Online TA,TA/TO,0,0,0,D,D,0,No Deposit,9.0,0,Transient,150.0,0,0,Check-Out,03-04-2017,0.8305241845507372,0.0
City Hotel,0,228,2016,October,45,30,2,1,2,0,0,BB,DEU,Online TA,TA/TO,0,0,0,A,A,0,No Deposit,9.0,0,Transient,93.3,0,0,Check-Out,02-11-2016,-0.3075991451035764,0.07522935779816514
City Hotel,0,20,2016,January,5,29,1,2,2,0,0,BB,ITA,Online TA,TA/TO,0,0,0,D,D,0,No Deposit,9.0,0,Transient,99.0,0,1,Check-Out,01-02-2016,-0.19318463048224324,0.27706422018348625
City Hotel,0,26,2017,April,17,26,0,2,1,0,0,BB,PRT,Groups,TA/TO,0,0,0,A,A,1,No Deposit,87.0,0,Transient-Party,139.0,0,0,Check-Out,28-04-2017,0.6097242440534276,0.007339449541284404
City Hotel,1,103,2016,October,42,9,1,0,3,0,0,BB,ISR,Online TA,TA/TO,0,0,0,D,D,0,No Deposit,9.0,0,Transient,151.2,0,0,Canceled,08-07-2016,0.8546114507868071,0.029357798165137616
City Hotel,0,80,2017,January,1,5,2,4,2,0,0,BB,PRT,Online TA,TA/TO,0,0,0,D,D,0,No Deposit,159.0,0,Transient,24.83,0,0,Check-Out,11-01-2017,-1.6819784110900111,0.1981651376146789
Resort Hotel,0,0,2016,March,12,17,0,1,1,0,0,BB,PRT,Online TA,TA/TO,0,0,0,A,A,0,No Deposit,314.0,0,Transient-Party,34.4,0,0,Check-Out,18-03-2016,-1.4898824628573517,0.5871559633027523
Resort Hotel,0,41,2016,April,17,23,2,3,2,0,0,BB,GBR,Direct,Direct,0,0,0,D,D,3,No Deposit,250.0,0,Transient,59.22,0,1,Check-Out,28-04-2016,-0.9916775062079679,0.01651376146788991
Resort Hotel,0,151,2015,August,34,22,2,2,2,0,0,BB,PRT,Offline TA/TO,TA/TO,0,0,0,A,A,1,No Deposit,181.0,0,Transient-Party,96.3,0,1,Check-Out,26-08-2015,-0.24738097951340107,0.027522935779816515
City Hotel,0,245,2017,July,27,4,0,4,2,0,0,SC,DEU,Online TA,TA/TO,0,0,0,A,A,0,No Deposit,7.0,0,Transient,65.18,0,1,Check-Out,08-07-2017,-0.8720440839021528,0.1834862385321101
City Hotel,0,4,2016,October,41,7,0,2,2,1,0,BB,ESP,Online TA,TA/TO,0,0,0,A,B,1,No Deposit,83.0,0,Transient,151.5,0,0,Check-Out,09-10-2016,0.8606332673458248,0.1798165137614679
City Hotel,0,16,2015,September,39,25,2,3,1,0,0,BB,GBR,Groups,TA/TO,0,0,0,A,A,0,No Deposit,1.0,0,Transient-Party,170.0,0,0,Check-Out,30-09-2015,1.2319786218185727,0.6862385321100918
Resort Hotel,0,108,2017,July,28,14,4,10,2,0,0,HB,GBR,Offline TA/TO,TA/TO,0,0,0,A,A,0,No Deposit,40.0,0,Contract,134.85,0,0,Check-Out,28-07-2017,0.5264224483203517,0.03853211009174312
City Hotel,0,320,2016,August,34,20,2,1,2,0,0,BB,BEL,Online TA,TA/TO,0,0,0,B,B,0,No Deposit,9.0,0,Contract,94.95,0,1,Check-Out,23-08-2016,-0.2744791540289799,0.03486238532110092
City Hotel,0,102,2017,June,26,28,0,2,2,0,0,BB,GBR,Online TA,TA/TO,0,0,0,A,A,1,No Deposit,9.0,0,Transient,117.0,0,2,Check-Out,30-06-2017,0.16812436305880868,0.025688073394495414
City Hotel,0,9,2017,August,35,28,1,3,2,2,0,BB,ESP,Direct,Direct,0,0,0,E,E,0,No Deposit,14.0,0,Transient,210.0,0,0,Check-Out,01-09-2017,2.0348874963542434,0.031192660550458717
City Hotel,0,15,2017,February,7,14,0,1,2,0,1,HB,PRT,Direct,Direct,0,0,0,A,A,0,No Deposit,14.0,0,Transient,259.0,0,3,Check-Out,15-02-2017,3.0184508676604405,0.03669724770642202
City Hotel,0,100,2016,September,40,28,0,4,2,0,0,HB,ITA,Offline TA/TO,TA/TO,0,0,0,A,B,1,No Deposit,26.0,0,Transient-Party,140.0,0,1,Check-Out,02-10-2016,0.6297969659168194,0.001834862385321101
City Hotel,1,300,2016,November,46,11,0,2,2,0,0,BB,PRT,Groups,TA/TO,0,0,0,A,A,0,Non Refund,1.0,0,Transient,65.0,0,0,Canceled,14-03-2016,-0.8756571738375635,0.06605504587155964
Resort Hotel,1,98,2016,May,22,23,1,4,2,0,0,BB,PRT,Online TA,TA/TO,0,0,0,D,D,0,No Deposit,240.0,0,Transient,73.0,0,0,Canceled,04-03-2016,-0.7150753989304293,0.027522935779816515
City Hotel,0,32,2016,August,34,14,1,0,2,1,0,BB,NLD,Online TA,TA/TO,0,0,0,D,D,0,No Deposit,7.0,0,Transient,136.52,0,1,Check-Out,15-08-2016,0.5599438938322163,0.07522935779816514
City Hotel,0,43,2015,October,44,31,2,1,2,0,0,BB,FRA,Offline TA/TO,TA/TO,0,0,0,D,D,0,No Deposit,28.0,0,Transient,65.0,0,0,Check-Out,03-11-2015,-0.8756571738375635,0.09541284403669725
City Hotel,1,374,2015,October,44,26,1,1,2,0,0,BB,PRT,Groups,TA/TO,0,1,0,A,A,0,Non Refund,1.0,0,Contract,62.0,0,0,Canceled,01-01-2015,-0.9358753394277388,0.22018348623853212
City Hotel,0,21,2016,April,16,13,0,1,2,0,0,SC,DEU,Online TA,TA/TO,0,0,0,A,A,0,No Deposit,10.0,0,Transient,119.0,0,0,Check-Out,14-04-2016,0.2082698067855922,0.05871559633027523
Resort Hotel,1,19,2017,February,8,25,1,1,2,0,0,BB,ESP,Online TA,TA/TO,0,0,0,D,D,0,No Deposit,240.0,0,Transient,62.0,0,3,Canceled,12-02-2017,-0.9358753394277388,0.014678899082568808
City Hotel,0,198,2017,August,31,2,1,4,2,0,0,BB,GBR,Offline TA/TO,TA/TO,0,0,0,E,E,0,No Deposit,28.0,0,Transient,103.5,0,1,Check-Out,07-08-2017,-0.10285738209698025,0.1779816513761468
City Hotel,0,14,2017,July,29,18,0,2,1,0,0,BB,AUT,Online TA,TA/TO,0,0,0,A,A,0,No Deposit,8.0,0,Transient,150.0,0,1,Check-Out,20-07-2017,0.8305241845507372,0.3871559633027523
City Hotel,0,198,2017,June,22,2,2,2,2,0,0,BB,AUT,Online TA,TA/TO,0,0,0,D,D,0,No Deposit,9.0,0,Transient,157.5,0,2,Check-Out,06-06-2017,0.9810695985261755,0.031192660550458717
Resort Hotel,1,17,2015,December,50,11,0,2,2,0,0,BB,PRT,Offline TA/TO,TA/TO,0,1,0,D,D,0,No Deposit,15.0,0,Transient,37.0,0,1,Canceled,27-11-2015,-1.4376933860125332,0.06972477064220184
Resort Hotel,0,20,2016,January,2,4,2,5,2,0,0,BB,FRA,Online TA,TA/TO,0,0,0,E,E,0,No Deposit,240.0,0,Transient,52.8,0,2,Check-Out,11-01-2016,-1.1205443805709432,0.047706422018348627
City Hotel,0,1,2016,June,27,29,0,3,2,2,0,BB,ITA,Online TA,TA/TO,0,0,0,G,G,0,No Deposit,7.0,0,Transient,209.1,0,2,Check-Out,02-07-2016,2.016822046677191,0.05321100917431193
City Hotel,1,64,2016,May,22,27,0,2,2,0,0,BB,GBR,Online TA,TA/TO,0,0,0,D,D,0,No Deposit,9.0,0,Transient,140.4,0,0,Canceled,31-03-2016,0.6378260546621762,0.045871559633027525
City Hotel,1,16,2016,March,13,25,1,2,2,1,0,BB,ESP,Online TA,TA/TO,0,0,0,A,A,0,No Deposit,9.0,0,Transient,165.67,0,0,Canceled,09-03-2016,1.145063736150086,0.8275229357798166
Resort Hotel,1,36,2017,January,1,2,3,7,2,0,0,BB,GBR,Online TA,TA/TO,0,0,0,A,A,0,No Deposit,240.0,0,Transient,42.0,0,2,Canceled,22-12-2016,-1.3373297766955743,0.544954128440367
Resort Hotel,0,15,2017,February,6,11,2,1,2,0,1,BB,PRT,Online TA,TA/TO,0,0,0,D,D,1,No Deposit,240.0,0,Transient,65.0,1,2,Check-Out,14-02-2017,-0.8756571738375635,0.044036697247706424
City Hotel,1,41,2017,March,13,31,2,4,1,0,0,BB,GBR,Online TA,TA/TO,0,0,0,D,D,0,No Deposit,9.0,0,Transient,138.13,0,0,Canceled,07-03-2017,0.5922609760322767,0.014678899082568808
City Hotel,1,52,2017,August,33,18,1,2,2,0,0,HB,NLD,Online TA,TA/TO,0,0,0,D,D,0,No Deposit,9.0,0,Transient,208.0,0,1,Canceled,30-06-2017,1.99474205262746,0.2
Resort Hotel,0,120,2015,December,49,4,2,2,2,0,0,BB,ESP,Online TA,TA/TO,0,0,0,A,E,0,No Deposit,240.0,0,Transient,32.4,0,1,Check-Out,08-12-2015,-1.5300279065841351,0.344954128440367
Resort Hotel,1,32,2017,March,10,10,2,3,2,0,0,BB,POL,Direct,Direct,0,0,0,G,G,0,No Deposit,250.0,0,Transient,97.0,0,0,Canceled,07-02-2017,-0.23333007420902677,0.181651376146789
City Hotel,0,8,2017,March,12,23,0,1,1,0,0,BB,ESP,Online TA,TA/TO,0,0,0,A,A,1,No Deposit,10.0,0,Transient,80.0,0,0,Check-Out,24-03-2017,-0.5745663458866869,0.011009174311926606
City Hotel,1,97,2015,October,41,5,1,3,1,0,0,BB,PRT,Groups,TA/TO,0,0,0,A,A,0,Non Refund,29.0,0,Transient,140.0,0,0,Canceled,03-07-2015,0.6297969659168194,0.46972477064220186
Resort Hotel,1,211,2017,August,33,19,2,5,2,0,0,BB,PRT,Online TA,TA/TO,0,0,0,A,A,0,No Deposit,240.0,0,Transient,203.75,0,1,Canceled,08-07-2017,1.909432984708045,0.011009174311926606
Resort Hotel,0,17,2016,October,41,7,0,2,2,2,0,BB,USA,Online TA,TA/TO,0,0,0,G,G,0,No Deposit,240.0,0,Transient,161.0,1,0,Check-Out,09-10-2016,1.0513241250480467,0.062385321100917435
City Hotel,0,38,2015,September,38,14,2,5,2,0,0,BB,BEL,Online TA,TA/TO,0,0,0,A,A,0,No Deposit,9.0,0,Contract,101.83,0,1,Check-Out,21-09-2015,-0.13637882760884454,0.012844036697247707
Resort Hotel,0,26,2016,December,50,4,2,2,2,0,0,BB,FRA,Offline TA/TO,TA/TO,0,0,0,E,E,0,No Deposit,8.0,0,Transient,50.0,0,0,Check-Out,08-12-2016,-1.17674800178844,0.10458715596330276
City Hotel,0,29,2016,October,41,5,1,4,2,0,0,BB,POL,Online TA,TA/TO,0,0,0,D,D,0,No Deposit,9.0,0,Transient,161.0,0,2,Check-Out,10-10-2016,1.0513241250480467,0.21834862385321102
Resort Hotel,0,25,2017,July,28,13,0,2,2,0,0,BB,BRA,Online TA,TA/TO,0,0,0,A,A,0,No Deposit,240.0,0,Transient,144.0,0,1,Check-Out,15-07-2017,0.7100878533703865,0.08256880733944955
Resort Hotel,0,245,2016,September,40,26,3,7,2,0,0,HB,CN,Groups,TA/TO,0,0,0,A,A,0,No Deposit,15.0,0,Transient-Party,82.0,0,0,Check-Out,06-10-2016,-0.5344209021599033,0.2036697247706422
City Hotel,1,451,2016,May,21,16,1,2,2,0,0,BB,PRT,Groups,TA/TO,0,0,0,A,A,0,Non Refund,1.0,0,Transient,60.0,0,0,Canceled,14-03-2016,-0.9760207831545223,0.1798165137614679
City Hotel,1,297,2015,August,33,10,1,1,2,0,0,BB,PRT,Groups,TA/TO,0,1,0,A,A,0,Non Refund,1.0,0,Transient-Party,62.0,0,0,Canceled,02-07-2015,-0.9358753394277388,0.22201834862385322
Resort Hotel,0,24,2016,January,5,28,2,5,1,0,0,BB,DEU,Offline TA/TO,TA/TO,0,0,0,A,A,0,No Deposit,171.0,0,Transient,25.0,0,0,Check-Out,04-02-2016,-1.6785660483732343,0.5908256880733945
Resort Hotel,0,8,2015,September,39,25,0,2,2,0,0,HB,ESP,Online TA,TA/TO,0,0,0,E,E,1,No Deposit,240.0,0,Transient,136.5,0,1,Check-Out,27-09-2015,0.5595424393949482,0.6146788990825689
City Hotel,0,109,2017,April,17,28,2,2,2,0,0,SC,SWE,Online TA,TA/TO,0,0,0,A,A,0,No Deposit,9.0,0,Transient,101.25,0,0,Check-Out,02-05-2017,-0.14802100628961173,0.13211009174311927
City Hotel,1,129,2017,June,22,2,1,2,2,0,0,BB,PRT,Groups,TA/TO,0,0,0,A,A,0,Non Refund,154.0,0,Transient,130.0,0,0,Canceled,24-01-2017,0.4290697472829017,0.0
City Hotel,0,188,2016,September,39,22,0,2,2,0,0,BB,FIN,Online TA,TA/TO,0,0,0,A,A,0,No Deposit,9.0,0,Transient,135.9,1,2,Check-Out,24-09-2016,0.5474988062769133,0.005504587155963303
City Hotel,0,99,2017,April,15,12,0,2,2,0,0,BB,GBR,Online TA,TA/TO,0,0,0,A,A,0,No Deposit,9.0,0,Transient,130.5,1,0,Check-Out,14-04-2017,0.4391061082145976,0.02018348623853211
Resort Hotel,0,6,2017,July,28,14,2,5,2,0,0,HB,ESP,Online TA,TA/TO,0,0,0,F,F,0,No Deposit,242.0,0,Transient,239.66,0,1,Check-Out,21-07-2017,2.6302444268224434,0.2036697247706422
City Hotel,0,256,2016,August,36,31,0,4,2,0,0,BB,DEU,Online TA,TA/TO,0,0,0,A,A,0,No Deposit,9.0,0,Transient-Party,90.95,0,0,Check-Out,04-09-2016,-0.3547700414825469,0.15412844036697249
Resort Hotel,0,6,2016,February,9,21,2,0,1,0,0,BB,ESP,Online TA,TA/TO,0,0,0,A,D,0,No Deposit,240.0,0,Transient,43.0,0,1,Check-Out,23-02-2016,-1.3172570548321825,0.11926605504587157
City Hotel,0,34,2017,January,3,18,0,1,1,0,0,BB,ESP,Groups,TA/TO,0,0,0,A,A,0,No Deposit,19.0,0,Transient-Party,75.0,0,0,Check-Out,19-01-2017,-0.6749299552036457,0.26238532110091745
Resort Hotel,0,7,2016,March,13,21,1,0,2,0,0,BB,PRT,Offline TA/TO,TA/TO,0,0,0,A,A,0,No Deposit,177.0,0,Transient,29.0,0,1,Check-Out,22-03-2016,-1.5982751609196673,0.001834862385321101
City Hotel,1,57,2017,August,33,15,0,4,2,0,0,BB,ITA,Online TA,TA/TO,0,0,0,A,A,0,No Deposit,9.0,0,Transient,160.0,0,1,Canceled,21-06-2017,1.031251403184655,0.012844036697247707
City Hotel,1,119,2017,May,19,11,0,3,2,0,0,BB,FRA,Online TA,TA/TO,0,0,0,D,D,0,No Deposit,9.0,0,Transient,148.8,0,1,Canceled,13-04-2017,0.8064369183146672,0.001834862385321101
City Hotel,0,45,2017,August,33,16,0,3,3,0,0,BB,AUT,Online TA,TA/TO,0,0,0,D,D,0,No Deposit,83.0,0,Transient,139.4,0,0,Check-Out,19-08-2017,0.6177533327987845,0.1889908256880734
Resort Hotel,1,111,2015,August,32,5,0,4,2,0,0,BB,PRT,Online TA,TA/TO,0,0,0,D,D,1,No Deposit,240.0,0,Transient,154.0,0,1,Canceled,15-06-2015,0.9108150720043042,0.0
City Hotel,1,98,2016,November,48,26,1,1,2,0,0,SC,IRL,Online TA,TA/TO,0,0,0,A,A,0,No Deposit,9.0,0,Transient,79.2,0,2,Canceled,23-08-2016,-0.5906245233774002,0.031192660550458717
City Hotel,0,121,2017,April,15,15,1,1,2,0,0,BB,AUS,Offline TA/TO,TA/TO,0,0,0,A,A,1,No Deposit,85.0,0,Transient,89.1,0,1,Check-Out,17-04-2017,-0.3919045769298219,0.12660550458715597
City Hotel,1,322,2016,December,50,9,0,2,2,0,0,BB,PRT,Offline TA/TO,TA/TO,0,0,0,A,A,0,Non Refund,20.0,0,Transient,52.0,0,0,Canceled,15-03-2016,-1.1366025580616566,0.8128440366972478
City Hotel,1,335,2015,September,38,17,0,1,1,0,0,BB,PRT,Offline TA/TO,TA/TO,0,1,0,A,A,0,Non Refund,5.0,0,Transient,75.0,0,0,Canceled,14-05-2015,-0.6749299552036457,0.23119266055045873
City Hotel,0,72,2015,December,52,24,0,3,2,0,1,BB,ESP,Direct,Direct,0,0,0,A,A,1,No Deposit,14.0,0,Transient,85.5,0,1,Check-Out,27-12-2015,-0.46416637563803215,0.10458715596330276
Resort Hotel,0,0,2015,November,46,12,0,1,1,0,0,BB,PRT,Corporate,Corporate,1,0,1,A,F,0,No Deposit,47.0,0,Transient,35.0,0,0,Check-Out,13-11-2015,-1.4778388297393166,0.21284403669724772
City Hotel,0,3,2016,June,26,22,0,2,2,0,0,SC,DEU,Online TA,TA/TO,0,0,0,A,A,0,No Deposit,7.0,0,Transient,87.01,0,1,Check-Out,24-06-2016,-0.43385656562431046,0.14128440366972478
City Hotel,0,11,2017,May,20,17,0,4,2,0,0,BB,FRA,Online TA,TA/TO,0,0,0,D,D,0,No Deposit,9.0,0,Transient,170.0,0,1,Check-Out,21-05-2017,1.2319786218185727,0.27522935779816515
City Hotel,0,111,2017,April,14,3,1,1,2,0,0,BB,ISR,Groups,TA/TO,0,0,0,A,A,0,No Deposit,37.0,0,Transient-Party,95.0,0,1,Check-Out,05-04-2017,-0.2734755179358103,0.29357798165137616
City Hotel,1,84,2017,June,23,10,2,1,3,0,0,BB,ITA,Online TA,TA/TO,0,0,0,D,D,0,No Deposit,9.0,0,Transient,189.0,0,0,Canceled,27-05-2017,1.6133603372230163,0.05871559633027523
City Hotel,0,10,2017,February,7,12,2,1,2,0,0,BB,IND,Online TA,TA/TO,0,0,0,A,A,0,No Deposit,9.0,0,Transient,108.0,0,1,Check-Out,15-02-2017,-0.01253013371171728,0.009174311926605505
Resort Hotel,0,65,2015,September,38,16,0,3,1,0,0,BB,PRT,Direct,Direct,0,0,0,A,A,0,No Deposit,250.0,0,Transient,74.0,0,2,Check-Out,19-09-2015,-0.6950026770670376,0.1743119266055046
City Hotel,0,143,2016,May,23,29,2,3,2,0,0,BB,SWE,Online TA,TA/TO,0,0,0,A,A,0,No Deposit,9.0,0,Transient-Party,99.79,0,0,Check-Out,03-06-2016,-0.1773271802101636,0.12477064220183487
City Hotel,0,1,2015,August,32,8,2,3,2,0,0,BB,NLD,Online TA,TA/TO,0,0,0,A,A,0,No Deposit,9.0,0,Transient,98.0,0,0,Check-Out,13-08-2015,-0.213257352345635,0.012844036697247707
City Hotel,1,7,2016,March,10,2,0,2,1,0,0,BB,PRT,Offline TA/TO,TA/TO,0,0,0,D,D,1,No Deposit,214.0,0,Transient,56.0,0,0,Canceled,01-03-2016,-1.0563116706080895,0.1908256880733945
City Hotel,0,1,2016,April,17,21,0,2,2,0,0,BB,AUT,Online TA,TA/TO,0,0,0,A,A,0,No Deposit,9.0,0,Transient,125.0,1,1,Check-Out,23-04-2016,0.32870613796594284,0.009174311926605505
Resort Hotel,0,103,2016,February,7,10,0,2,2,0,0,BB,NLD,Online TA,TA/TO,0,0,0,E,E,0,No Deposit,240.0,0,Transient,61.2,1,0,Check-Out,12-02-2016,-0.9519335169184522,1.0
City Hotel,0,0,2017,January,2,9,1,3,2,0,0,BB,BRA,Online TA,TA/TO,0,0,0,A,D,0,No Deposit,9.0,0,Transient,82.99,0,0,Check-Out,13-01-2017,-0.5145489075151456,0.10458715596330276
City Hotel,1,17,2015,October,41,5,1,3,2,0,0,BB,PRT,Direct,Direct,0,1,0,D,D,0,No Deposit,14.0,0,Transient,126.0,0,0,Canceled,25-09-2015,0.3487788598293346,0.8018348623853211
Resort Hotel,1,69,2016,March,13,24,2,7,2,0,0,BB,PRT,Online TA,TA/TO,0,0,0,D,D,0,No Deposit,240.0,0,Transient,64.0,0,0,Canceled,09-03-2016,-0.8957298957009553,0.30458715596330277
City Hotel,1,443,2016,April,18,29,0,1,1,0,0,BB,PRT,Offline TA/TO,TA/TO,0,0,0,A,A,0,Non Refund,3.0,0,Transient,60.0,0,0,Canceled,19-01-2016,-0.9760207831545223,0.3376146788990826
City Hotel,0,126,2016,November,45,5,1,1,2,0,0,SC,CHE,Online TA,TA/TO,0,0,0,A,A,2,No Deposit,9.0,0,Transient,79.2,0,0,Check-Out,07-11-2016,-0.5906245233774002,0.10091743119266056
Resort Hotel,0,1,2017,April,14,6,0,1,2,0,0,BB,PRT,Online TA,TA/TO,1,0,5,E,E,0,No Deposit,240.0,0,Transient,115.0,0,1,Check-Out,07-04-2017,0.12797891933202513,0.10825688073394496
Resort Hotel,0,57,2015,August,35,29,0,1,2,0,0,HB,PRT,Online TA,TA/TO,0,0,0,A,A,0,No Deposit,240.0,0,Transient,164.0,0,0,Check-Out,30-08-2015,1.111542290638222,0.2
City Hotel,0,91,2016,April,15,9,1,1,2,0,0,SC,NLD,Online TA,TA/TO,0,0,0,A,A,0,No Deposit,7.0,0,Transient,58.9,0,1,Check-Out,11-04-2016,-0.9981007772042534,0.0
City Hotel,1,116,2016,February,10,28,2,1,1,0,0,BB,PRT,Offline TA/TO,TA/TO,0,0,0,A,A,0,No Deposit,134.0,0,Transient-Party,61.0,0,0,No-Show,28-02-2016,-0.9559480612911306,0.163302752293578
City Hotel,1,77,2017,April,17,25,0,4,2,0,0,BB,FRA,Online TA,TA/TO,0,0,0,D,D,0,No Deposit,9.0,0,Transient,135.0,0,0,Canceled,07-02-2017,0.5294333565998606,0.09174311926605505
Resort Hotel,1,223,2017,June,23,6,6,15,2,0,0,BB,PRT,Offline TA/TO,TA/TO,0,0,0,D,D,0,No Deposit,40.0,0,Contract,93.5,0,0,Canceled,06-12-2016,-0.303584600730898,0.5486238532110093
City Hotel,0,150,2016,July,28,8,1,2,3,0,0,BB,DEU,Offline TA/TO,TA/TO,0,0,0,A,A,0,No Deposit,22.0,0,Transient-Party,96.9,0,0,Check-Out,11-07-2016,-0.23533734639536583,0.22568807339449543
Resort Hotel,0,160,2017,August,33,17,2,4,2,0,0,HB,FRA,Offline TA/TO,TA/TO,0,0,0,E,E,0,No Deposit,3.0,0,Transient,196.3,0,1,Check-Out,23-08-2017,1.7598912068257764,0.7963302752293578
Resort Hotel,1,32,2016,August,35,27,2,3,2,0,0,BB,ESP,Direct,Direct,0,0,0,E,E,0,No Deposit,250.0,0,Transient,209.0,0,1,Canceled,18-08-2016,2.014814774490852,0.22201834862385322
Resort Hotel,0,5,2015,November,45,1,1,0,2,0,0,HB,ESP,Offline TA/TO,TA/TO,0,0,0,A,A,0,No Deposit,196.0,0,Transient,55.0,0,0,Check-Out,02-11-2015,-1.0763843924714813,0.20917431192660552
Resort Hotel,1,203,2017,July,30,26,2,9,2,0,0,BB,DEU,Online TA,TA/TO,0,0,0,A,A,0,No Deposit,240.0,0,Transient,156.34,0,1,Canceled,25-01-2017,0.957785241164641,0.08256880733944955
City Hotel,0,95,2016,October,45,30,2,0,1,0,0,BB,BRA,Online TA,TA/TO,0,0,0,A,A,0,No Deposit,9.0,0,Transient,85.5,0,1,Check-Out,01-11-2016,-0.46416637563803215,0.01651376146788991
Resort Hotel,0,68,2016,July,29,15,0,2,2,0,0,BB,ESP,Online TA,TA/TO,0,0,0,A,A,0,No Deposit,240.0,0,Transient,172.0,0,1,Check-Out,17-07-2016,1.272124065545356,0.031192660550458717
City Hotel,0,14,2017,April,17,28,2,2,2,0,0,BB,GBR,Direct,Direct,0,0,0,A,A,0,No Deposit,14.0,0,Transient,99.0,0,0,Check-Out,02-05-2017,-0.19318463048224324,0.022018348623853212
City Hotel,0,7,2016,May,21,16,1,0,2,0,0,SC,PRT,Online TA,TA/TO,0,0,0,A,A,0,No Deposit,9.0,0,Transient,89.0,0,0,Check-Out,17-05-2016,-0.39391184911616095,0.3908256880733945
City Hotel,1,104,2015,December,49,3,0,3,2,0,0,BB,PRT,Offline TA/TO,TA/TO,0,0,0,A,A,0,Non Refund,55.0,0,Transient,75.0,0,0,Canceled,07-09-2015,-0.6749299552036457,0.012844036697247707
City Hotel,0,5,2016,September,39,18,2,0,2,0,0,SC,GBR,Offline TA/TO,TA/TO,0,0,0,A,A,0,No Deposit,15.0,0,Transient,123.7,0,0,Check-Out,20-09-2016,0.3026115995435336,0.48623853211009177
City Hotel,1,545,2017,January,1,5,0,2,2,0,0,BB,PRT,Groups,TA/TO,0,0,0,A,A,0,Non Refund,1.0,0,Transient,62.0,0,0,Canceled,21-10-2015,-0.9358753394277388,0.5688073394495413
City Hotel,1,57,2017,April,16,21,0,2,2,0,0,BB,CHE,Direct,Direct,0,0,0,F,F,0,No Deposit,14.0,0,Transient,225.0,0,0,Canceled,21-04-2017,2.33597832430512,0.6825688073394496
Resort Hotel,0,46,2016,October,44,26,2,5,2,0,0,BB,GBR,Direct,Direct,0,0,0,A,A,0,No Deposit,250.0,0,Transient,43.89,0,0,Check-Out,02-11-2016,-1.2993923323737637,0.06422018348623854
City Hotel,1,437,2016,May,19,2,1,2,2,0,0,BB,PRT,Groups,TA/TO,0,0,0,A,A,0,Non Refund,1.0,0,Transient,60.0,0,0,Canceled,14-03-2016,-0.9760207831545223,0.6568807339449542
City Hotel,1,166,2016,November,45,1,0,3,1,0,0,BB,PRT,Offline TA/TO,TA/TO,0,0,0,A,A,0,Non Refund,236.0,0,Transient,110.0,0,0,Canceled,13-07-2016,0.027615310015066265,0.3614678899082569
City Hotel,1,184,2017,May,18,1,1,2,2,0,0,SC,RUS,Online TA,TA/TO,0,0,0,A,A,0,No Deposit,9.0,0,Transient,99.0,0,0,Canceled,29-10-2016,-0.19318463048224324,0.07155963302752294
Resort Hotel,1,55,2015,July,29,12,4,10,2,10,0,BB,PRT,Offline TA/TO,TA/TO,0,0,0,D,D,2,No Deposit,8.0,0,Contract,133.16,0,1,No-Show,12-07-2015,0.4924995483712196,0.025688073394495414
City Hotel,1,59,2016,May,21,19,0,1,1,0,0,BB,AGO,Online TA,TA/TO,0,0,0,A,A,0,No Deposit,9.0,0,Transient,121.5,0,0,Canceled,23-03-2016,0.25845161144407164,0.28073394495412846
City Hotel,0,109,2016,July,29,11,1,3,2,0,0,BB,GBR,Online TA,TA/TO,0,0,0,A,A,0,No Deposit,9.0,0,Transient,107.55,0,1,Check-Out,15-07-2016,-0.021562858550243633,0.1944954128440367
Resort Hotel,0,0,2016,March,10,3,0,3,2,0,0,BB,PRT,Online TA,TA/TO,0,0,0,D,D,0,No Deposit,240.0,0,Transient,58.0,0,2,Check-Out,06-03-2016,-1.0161662268813059,0.13944954128440368
City Hotel,1,89,2015,October,40,3,2,2,2,0,0,BB,PRT,Groups,TA/TO,0,0,0,A,A,0,Non Refund,1.0,0,Transient,62.0,0,0,Canceled,09-09-2015,-0.9358753394277388,0.12660550458715597
City Hotel,1,50,2016,January,5,29,1,2,1,0,0,BB,TUR,Online TA,TA/TO,0,0,0,A,A,0,No Deposit,9.0,0,Transient,72.9,0,0,Canceled,23-12-2015,-0.7170826711167684,0.07339449541284404
Resort Hotel,0,299,2017,June,26,25,2,5,2,0,0,BB,GBR,Offline TA/TO,TA/TO,0,0,0,A,A,1,No Deposit,177.0,0,Transient,76.7,0,0,Check-Out,02-07-2017,-0.6408063280358797,0.022018348623853212
City Hotel,1,123,2017,August,32,7,1,1,2,0,0,SC,DEU,Online TA,TA/TO,0,0,0,A,A,0,No Deposit,9.0,0,Transient,125.0,0,1,Canceled,06-04-2017,0.32870613796594284,0.07155963302752294
City Hotel,0,434,2017,June,22,3,2,1,2,0,0,BB,GBR,Groups,TA/TO,0,0,0,A,A,0,No Deposit,229.0,0,Transient-Party,112.67,0,2,Check-Out,06-06-2017,0.08120947739032233,0.1871559633027523
City Hotel,0,2,2017,August,34,24,0,1,2,0,0,BB,MEX,Groups,TA/TO,0,0,0,A,A,0,No Deposit,147.0,0,Transient-Party,140.0,0,1,Check-Out,25-08-2017,0.6297969659168194,0.09908256880733946
City Hotel,0,121,2016,August,34,18,2,3,3,0,0,BB,FRA,Online TA,TA/TO,0,0,0,D,D,0,No Deposit,9.0,0,Transient,139.5,0,2,Check-Out,23-08-2016,0.6197606049851235,0.0
Resort Hotel,0,195,2017,August,31,3,2,5,2,1,1,BB,PRT,Direct,Direct,0,0,0,D,D,1,No Deposit,250.0,0,Transient,182.16,0,2,Check-Out,10-08-2017,1.4760629196774164,0.22385321100917432
Resort Hotel,1,114,2016,July,30,21,2,3,2,0,0,BB,USA,Online TA,TA/TO,0,0,0,E,E,1,No Deposit,240.0,0,Transient,207.0,0,0,Canceled,21-06-2016,1.9746693307640681,0.044036697247706424
Resort Hotel,0,45,2016,August,33,11,0,3,2,0,0,BB,FRA,Online TA,TA/TO,0,0,0,A,A,0,No Deposit,240.0,0,Transient,213.0,0,1,Check-Out,14-08-2016,2.0951056619444186,0.21651376146788992
City Hotel,0,9,2016,July,29,14,0,2,2,0,0,BB,PRT,Online TA,TA/TO,0,0,0,D,D,0,No Deposit,9.0,0,Transient,166.0,0,0,Check-Out,16-07-2016,1.1516877343650056,0.04036697247706422
City Hotel,0,17,2017,May,18,5,1,2,2,0,0,SC,FRA,Online TA,TA/TO,0,0,0,A,A,0,No Deposit,9.0,0,Transient,99.0,0,0,Check-Out,08-05-2017,-0.19318463048224324,0.25871559633027524
Resort Hotel,1,12,2015,September,37,6,1,0,2,0,0,BB,PRT,Online TA,TA/TO,0,0,0,C,C,0,No Deposit,242.0,0,Transient,123.0,0,1,Canceled,25-08-2015,0.2885606942391593,0.25688073394495414
Resort Hotel,1,213,2016,May,21,16,1,1,2,0,0,HB,PRT,Groups,TA/TO,0,0,0,A,A,0,No Deposit,298.0,0,Transient-Party,85.0,0,0,Canceled,19-04-2016,-0.47420273656972806,0.007339449541284404
City Hotel,0,14,2016,April,16,13,0,1,2,0,0,HB,PRT,Groups,TA/TO,0,0,0,A,A,0,No Deposit,1.0,0,Transient-Party,90.0,0,1,Check-Out,14-04-2016,-0.3738391272527692,0.10275229357798166
City Hotel,0,7,2017,April,15,14,1,2,2,0,0,BB,GBR,Direct,Direct,0,0,0,A,A,0,No Deposit,14.0,0,Transient-Party,156.67,0,0,Check-Out,17-04-2017,0.96440923937956,0.5027522935779817
City Hotel,1,265,2016,October,42,9,2,3,2,0,0,BB,DEU,Online TA,TA/TO,0,0,0,A,A,0,No Deposit,9.0,0,Transient,100.3,0,0,Canceled,03-07-2016,-0.167090092059834,0.20917431192660552
City Hotel,1,310,2017,July,27,6,1,3,2,0,0,SC,ESP,Online TA,TA/TO,0,0,0,A,A,0,No Deposit,9.0,0,Transient,89.1,0,2,Canceled,03-01-2017,-0.3919045769298219,0.48623853211009177
City Hotel,1,372,2016,July,29,14,0,2,2,0,0,BB,PRT,Groups,TA/TO,0,0,0,A,A,0,Non Refund,1.0,0,Transient,62.0,0,0,Canceled,21-10-2015,-0.9358753394277388,0.363302752293578
City Hotel,0,282,2015,October,41,10,2,1,2,0,0,BB,FIN,Offline TA/TO,TA/TO,0,0,0,A,A,0,No Deposit,21.0,0,Transient-Party,76.67,0,0,Check-Out,13-10-2015,-0.6414085096917814,0.45137614678899085
City Hotel,0,35,2017,March,10,7,0,5,2,0,0,BB,BRA,Offline TA/TO,TA/TO,0,0,0,A,A,0,No Deposit,52.0,0,Transient,68.0,0,1,Check-Out,12-03-2017,-0.8154390082473881,0.001834862385321101
City Hotel,1,358,2016,June,27,30,0,2,2,0,0,BB,PRT,Groups,TA/TO,0,0,0,A,A,0,Non Refund,1.0,0,Transient,62.0,0,0,Canceled,21-10-2015,-0.9358753394277388,0.02018348623853211
City Hotel,0,197,2016,August,32,1,1,1,2,0,0,SC,NLD,Online TA,TA/TO,0,0,0,A,A,0,No Deposit,9.0,0,Transient-Party,85.5,0,1,Check-Out,03-08-2016,-0.46416637563803215,0.07706422018348624
City Hotel,0,39,2016,August,33,13,2,3,2,0,0,HB,ESP,Online TA,TA/TO,0,0,0,A,A,0,No Deposit,9.0,0,Transient,170.1,0,2,Check-Out,18-08-2016,1.2339858940049118,0.05321100917431193
Resort Hotel,0,14,2017,June,23,10,0,1,2,0,0,BB,IRL,Offline TA/TO,TA/TO,0,0,0,E,E,0,No Deposit,8.0,0,Transient,93.0,0,0,Check-Out,11-06-2017,-0.31362096166259384,0.181651376146789
City Hotel,0,153,2016,August,32,1,1,0,2,0,1,BB,FRA,Online TA,TA/TO,0,0,0,A,A,3,No Deposit,9.0,0,Transient,105.3,0,2,Check-Out,02-08-2016,-0.06672648274287513,0.4036697247706422
City Hotel,0,106,2017,August,33,13,2,3,3,0,0,BB,FRA,Online TA,TA/TO,0,0,0,D,D,1,No Deposit,9.0,0,Transient,195.0,0,1,Check-Out,18-08-2017,1.733796668403367,0.06972477064220184
City Hotel,1,76,2017,March,13,29,2,4,2,0,0,BB,AUT,Online TA,TA/TO,0,0,0,E,E,0,No Deposit,9.0,0,Transient,143.1,0,0,Canceled,06-02-2017,0.6920224036933338,0.1926605504587156
City Hotel,0,69,2016,May,19,7,2,1,1,1,0,BB,PRT,Online TA,TA/TO,0,0,0,F,F,0,No Deposit,9.0,0,Transient-Party,198.9,0,0,Check-Out,10-05-2016,1.812080283670595,0.11192660550458716
Resort Hotel,1,96,2016,August,32,5,0,2,2,0,0,HB,BRA,Online TA,TA/TO,0,0,0,A,A,0,No Deposit,240.0,0,Transient,221.0,0,0,Canceled,12-07-2016,2.255687436851553,0.027522935779816515
City Hotel,1,40,2015,August,33,15,2,2,2,0,0,BB,PRT,Groups,TA/TO,0,0,0,A,A,0,No Deposit,1.0,0,Transient-Party,62.0,0,0,Canceled,06-08-2015,-0.9358753394277388,0.381651376146789
City Hotel,0,12,2017,May,19,7,4,8,2,0,0,BB,GRC,Online TA,TA/TO,0,0,0,D,D,0,No Deposit,7.0,0,Transient,146.0,0,1,Check-Out,19-05-2017,0.7502332970971701,0.027522935779816515
Resort Hotel,0,39,2016,November,46,6,2,5,2,0,0,HB,GBR,Offline TA/TO,TA/TO,0,0,0,A,A,0,No Deposit,40.0,0,Transient,61.58,0,0,Check-Out,13-11-2016,-0.9443058826103634,0.48073394495412847
City Hotel,1,102,2017,May,19,7,2,0,2,0,0,SC,KOR,Online TA,TA/TO,0,0,0,A,A,0,No Deposit,9.0,0,Transient,108.0,0,0,Canceled,10-02-2017,-0.01253013371171728,0.1779816513761468
City Hotel,1,54,2017,January,3,18,0,3,2,0,0,BB,PRT,Offline TA/TO,TA/TO,0,0,0,A,A,0,Non Refund,171.0,0,Transient,65.0,0,0,Canceled,25-11-2016,-0.8756571738375635,0.03302752293577982
Resort Hotel,0,0,2016,July,31,26,0,2,2,0,0,BB,CN,Direct,Direct,0,0,0,G,G,0,No Deposit,250.0,0,Transient,249.0,0,0,Check-Out,28-07-2016,2.8177236490265227,0.09724770642201835
City Hotel,1,122,2016,March,14,27,2,1,2,0,0,HB,PRT,Offline TA/TO,TA/TO,0,0,0,A,A,0,No Deposit,26.0,0,Transient-Party,107.0,0,1,Canceled,27-03-2016,-0.03260285557510905,0.12660550458715597
City Hotel,0,24,2016,December,50,5,1,4,2,1,0,BB,FIN,Online TA,TA/TO,0,0,0,A,A,0,No Deposit,7.0,0,Transient,78.15,0,1,Check-Out,10-12-2016,-0.6117008813339616,0.06422018348623854
City Hotel,0,465,2017,July,30,26,0,3,2,0,0,BB,GBR,Offline TA/TO,TA/TO,0,0,0,A,A,0,No Deposit,229.0,0,Transient-Party,112.67,0,1,Check-Out,29-07-2017,0.08120947739032233,0.060550458715596334
City Hotel,0,118,2016,June,24,6,1,2,1,0,0,BB,SWE,Offline TA/TO,Corporate,0,0,0,A,A,0,No Deposit,191.0,0,Transient-Party,110.0,0,0,Check-Out,09-06-2016,0.027615310015066265,0.45321100917431195
City Hotel,0,22,2016,August,32,1,1,3,2,1,0,BB,HUN,Online TA,TA/TO,0,0,0,A,A,0,No Deposit,9.0,0,Transient,159.0,1,1,Check-Out,05-08-2016,1.011178681321263,0.04220183486238532
City Hotel,0,141,2016,September,37,5,1,2,3,0,0,BB,DEU,Online TA,TA/TO,0,0,0,D,D,0,No Deposit,9.0,0,Transient,168.3,1,2,Check-Out,08-09-2016,1.1978549946508068,0.09724770642201835
City Hotel,0,140,2017,April,17,28,2,2,2,0,0,BB,FRA,Offline TA/TO,TA/TO,0,0,0,A,A,0,No Deposit,119.0,0,Transient-Party,130.0,0,1,Check-Out,02-05-2017,0.4290697472829017,0.30825688073394497
City Hotel,0,4,2016,July,31,27,0,3,3,0,0,BB,JPN,Online TA,TA/TO,0,0,0,D,D,0,No Deposit,9.0,0,Transient,177.0,1,1,Check-Out,30-07-2016,1.372487674862315,0.003669724770642202
City Hotel,1,56,2017,March,10,10,1,2,2,0,0,BB,NLD,Online TA,TA/TO,0,0,0,A,A,0,No Deposit,9.0,0,Transient,97.2,0,0,Canceled,14-01-2017,-0.22931552983634837,0.07706422018348624
City Hotel,1,274,2015,July,29,18,2,2,2,0,0,BB,PRT,Groups,TA/TO,0,1,0,A,A,0,No Deposit,1.0,0,Transient-Party,62.0,0,0,Canceled,06-07-2015,-0.9358753394277388,0.30275229357798167
Resort Hotel,0,114,2017,May,20,18,2,5,2,0,0,HB,GBR,Offline TA/TO,TA/TO,0,0,0,A,A,0,No Deposit,243.0,0,Transient,70.95,0,0,Check-Out,25-05-2017,-0.7562244787503823,0.03669724770642202
City Hotel,0,265,2016,June,26,24,0,2,2,0,0,HB,PRT,Offline TA/TO,TA/TO,0,0,0,A,D,0,No Deposit,6.0,0,Transient-Party,115.0,0,1,Check-Out,26-06-2016,0.12797891933202513,0.20733944954128442
City Hotel,0,198,2017,August,34,24,1,3,2,0,0,SC,BGR,Online TA,TA/TO,0,0,0,A,A,0,No Deposit,9.0,0,Transient,99.0,0,1,Check-Out,28-08-2017,-0.19318463048224324,0.5889908256880734
Resort Hotel,0,246,2016,June,25,17,2,7,2,0,0,BB,GBR,Online TA,TA/TO,0,0,0,A,A,0,No Deposit,240.0,0,Transient,72.0,0,1,Check-Out,26-06-2016,-0.7351481207938211,0.2036697247706422
Resort Hotel,0,1,2015,August,32,8,0,1,2,0,0,BB,FRA,Online TA,TA/TO,0,0,0,A,A,0,No Deposit,240.0,0,Transient,191.0,1,2,Check-Out,09-08-2015,1.6535057809497997,0.42752293577981654
Resort Hotel,1,32,2017,April,14,8,2,4,2,0,0,BB,DEU,Online TA,TA/TO,0,0,0,E,E,0,No Deposit,240.0,0,Transient,110.0,0,0,Canceled,28-03-2017,0.027615310015066265,0.001834862385321101
City Hotel,0,11,2017,April,16,17,1,2,2,0,0,SC,LVA,Online TA,TA/TO,0,0,0,A,A,2,No Deposit,9.0,0,Transient,100.0,0,0,Check-Out,20-04-2017,-0.17311190861885145,0.14495412844036698
City Hotel,0,42,2016,October,41,2,2,1,2,0,0,BB,GBR,Online TA,TA/TO,0,0,0,A,A,0,No Deposit,7.0,0,Transient,97.02,0,1,Check-Out,05-10-2016,-0.23292861977175902,0.44954128440366975
City Hotel,1,29,2017,February,8,20,1,3,2,0,0,SC,FRA,Online TA,TA/TO,0,0,0,A,A,0,No Deposit,9.0,0,Transient,69.7,0,0,Canceled,23-01-2017,-0.7813153810796221,0.1981651376146789
Resort Hotel,0,0,2016,June,23,3,0,2,2,0,0,BB,AUT,Online TA,TA/TO,0,0,0,D,D,0,No Deposit,240.0,0,Transient,136.0,1,1,Check-Out,05-06-2016,0.5495060784632524,0.04036697247706422
Resort Hotel,1,99,2017,August,35,27,2,4,2,0,0,BB,ESP,Online TA,TA/TO,0,0,0,E,E,0,No Deposit,240.0,0,Transient,236.67,0,1,Canceled,20-05-2017,2.570226988450902,0.26238532110091745
City Hotel,0,220,2016,September,38,17,2,1,1,0,0,HB,ITA,Offline TA/TO,TA/TO,0,0,0,A,A,1,No Deposit,177.0,0,Transient-Party,128.0,0,0,Check-Out,20-09-2016,0.3889243035561182,0.1614678899082569
City Hotel,0,38,2016,January,4,22,0,2,2,0,0,BB,BEL,Online TA,TA/TO,0,0,0,A,A,1,No Deposit,9.0,0,Transient,79.4,0,1,Check-Out,24-01-2016,-0.5866099790047219,0.21651376146788992
City Hotel,1,105,2017,April,14,7,2,5,2,1,0,BB,DNK,Online TA,TA/TO,0,0,0,A,A,0,No Deposit,9.0,0,Transient,136.29,0,1,Canceled,15-01-2017,0.5553271678036358,0.06788990825688074
Resort Hotel,0,61,2016,July,30,22,1,2,2,0,0,BB,FRA,Online TA,TA/TO,0,0,0,A,A,0,No Deposit,240.0,0,Transient-Party,160.0,0,0,Check-Out,25-07-2016,1.031251403184655,0.07706422018348624
City Hotel,0,15,2017,February,8,23,0,2,2,0,0,BB,PRT,Online TA,TA/TO,0,0,0,A,A,0,No Deposit,8.0,0,Transient,108.0,0,1,Check-Out,25-02-2017,-0.01253013371171728,0.12110091743119267
City Hotel,0,208,2017,May,21,24,0,2,2,0,0,HB,DEU,Groups,TA/TO,0,0,0,A,A,0,No Deposit,6.0,0,Transient-Party,114.4,0,0,Check-Out,26-05-2017,0.11593528621399017,0.22385321100917432
Resort Hotel,1,15,2016,August,35,24,2,5,2,2,0,HB,PRT,Online TA,TA/TO,0,0,0,C,C,1,No Deposit,314.0,0,Transient,220.49,0,0,Canceled,10-08-2016,2.2454503487012234,0.03302752293577982
City Hotel,1,262,2017,July,27,5,0,4,2,0,0,BB,PRT,Online TA,TA/TO,0,0,0,A,A,0,No Deposit,7.0,0,Transient,78.35,0,1,Canceled,21-05-2017,-0.6076863369612835,0.05321100917431193
City Hotel,0,97,2015,October,41,7,0,2,2,0,0,BB,PRT,Groups,TA/TO,0,0,0,A,A,0,No Deposit,1.0,0,Transient-Party,62.0,0,0,Check-Out,09-10-2015,-0.9358753394277388,0.07155963302752294
City Hotel,0,18,2017,June,22,3,2,1,2,0,0,BB,FRA,Direct,Direct,0,0,0,A,A,0,No Deposit,14.0,0,Transient,155.0,0,2,Check-Out,06-06-2017,0.930887793867696,0.031192660550458717
City Hotel,0,53,2017,February,9,26,2,0,1,0,0,BB,NLD,Online TA,TA/TO,0,0,0,A,A,0,No Deposit,9.0,0,Transient,88.2,0,0,Check-Out,28-02-2017,-0.4099700266068743,0.30458715596330277
City Hotel,1,69,2016,June,25,12,2,4,1,0,0,BB,PRT,Offline TA/TO,TA/TO,0,0,0,A,A,0,Non Refund,236.0,0,Transient,120.0,0,0,Canceled,27-04-2016,0.228342528648984,0.03669724770642202
City Hotel,1,35,2017,February,7,16,0,3,3,0,0,BB,GBR,Online TA,TA/TO,0,0,0,D,D,0,No Deposit,9.0,0,Transient,160.0,0,1,Canceled,12-01-2017,1.031251403184655,0.2018348623853211
City Hotel,1,33,2016,December,50,8,0,3,2,0,0,BB,ESP,Online TA,TA/TO,0,0,0,A,A,0,No Deposit,9.0,0,Transient,104.0,0,1,Canceled,21-11-2016,-0.09282102116528437,0.10275229357798166
City Hotel,0,247,2016,June,24,6,1,1,2,0,0,HB,DEU,Offline TA/TO,TA/TO,0,0,0,A,F,0,No Deposit,6.0,0,Transient-Party,115.0,0,0,Check-Out,08-06-2016,0.12797891933202513,0.26055045871559634
City Hotel,1,23,2016,December,51,16,0,1,2,0,0,BB,PRT,Online TA,TA/TO,0,0,0,A,A,0,No Deposit,9.0,0,Transient,104.0,0,0,Canceled,23-11-2016,-0.09282102116528437,0.0
City Hotel,0,176,2017,August,34,20,2,5,2,0,0,BB,DEU,Online TA,TA/TO,0,0,0,D,D,0,No Deposit,9.0,0,Transient,126.0,0,0,Check-Out,27-08-2017,0.3487788598293346,0.6091743119266055
City Hotel,0,53,2017,April,17,28,0,1,2,1,0,BB,DEU,Online TA,TA/TO,0,0,0,A,A,0,No Deposit,9.0,0,Transient,144.0,0,1,Check-Out,29-04-2017,0.7100878533703865,0.05137614678899083
Resort Hotel,1,168,2016,April,18,28,1,3,2,0,0,BB,PRT,Groups,TA/TO,0,0,0,A,A,0,Non Refund,257.0,0,Transient,80.0,0,0,Canceled,19-01-2016,-0.5745663458866869,0.011009174311926606
Resort Hotel,0,2,2016,December,51,16,0,1,2,0,0,BB,PRT,Offline TA/TO,TA/TO,0,0,0,A,D,0,No Deposit,330.0,0,Transient-Party,34.0,0,1,Check-Out,17-12-2016,-1.4979115516027084,0.1706422018348624
City Hotel,0,77,2016,October,44,25,0,3,2,0,0,BB,GBR,Online TA,TA/TO,0,0,0,D,D,0,No Deposit,9.0,0,Transient,104.4,0,2,Check-Out,28-10-2016,-0.08479193241992755,0.03302752293577982
Resort Hotel,0,42,2017,August,35,28,2,5,2,0,0,BB,GBR,Offline TA/TO,TA/TO,0,0,0,A,A,0,No Deposit,40.0,0,Contract,118.5,0,0,Check-Out,04-09-2017,0.19823344585389632,0.29724770642201837
Resort Hotel,0,165,2017,May,22,29,3,7,2,0,0,HB,GBR,Offline TA/TO,TA/TO,0,0,0,A,A,0,No Deposit,40.0,0,Contract,86.7,0,1,Check-Out,08-06-2017,-0.440079109401962,0.001834862385321101
City Hotel,0,20,2015,November,46,11,2,5,1,0,0,BB,SWE,Online TA,TA/TO,0,0,0,A,A,0,No Deposit,9.0,0,Contract,68.85,0,1,Check-Out,18-11-2015,-0.7983771946635053,0.30091743119266057
City Hotel,1,113,2017,April,18,30,2,2,2,0,0,SC,ITA,Online TA,TA/TO,0,0,0,A,A,0,No Deposit,9.0,0,Transient,105.75,0,0,Canceled,07-01-2017,-0.05769375790434877,0.1559633027522936
Resort Hotel,1,321,2017,June,23,5,2,5,2,0,0,BB,IRL,Online TA,TA/TO,0,0,0,A,A,2,No Deposit,240.0,0,Transient,74.25,0,1,Canceled,04-04-2017,-0.6899844966011895,0.1614678899082569
Resort Hotel,1,111,2016,February,7,12,0,2,2,0,0,FB,PRT,Groups,TA/TO,0,0,0,A,A,0,Non Refund,38.0,0,Transient,70.0,0,0,Canceled,26-01-2016,-0.7752935645206046,0.1871559633027523
City Hotel,1,233,2017,June,25,23,1,2,2,0,0,BB,PRT,Groups,TA/TO,0,0,0,A,A,0,Non Refund,20.0,0,Transient,105.0,0,0,Canceled,21-04-2017,-0.0727482993018926,0.025688073394495414
Resort Hotel,0,1,2017,August,34,22,0,2,2,0,0,BB,PRT,Online TA,TA/TO,0,0,0,D,D,0,No Deposit,306.0,0,Transient,151.29,0,0,Check-Out,24-08-2017,0.8564179957545124,0.20917431192660552
City Hotel,1,79,2016,March,13,21,1,2,2,0,0,BB,ESP,Online TA,TA/TO,0,0,0,A,A,0,No Deposit,9.0,0,Transient,96.3,0,0,Canceled,14-02-2016,-0.24738097951340107,0.1559633027522936
City Hotel,1,245,2016,June,25,17,0,2,2,0,0,BB,PRT,Offline TA/TO,TA/TO,0,0,0,A,A,0,Non Refund,12.0,0,Transient,75.0,0,0,Canceled,09-02-2016,-0.6749299552036457,0.6000000000000001
City Hotel,1,108,2016,March,12,18,0,2,2,0,0,BB,PRT,Offline TA/TO,TA/TO,0,1,0,A,A,0,Non Refund,154.0,0,Transient,80.0,0,0,Canceled,29-12-2015,-0.5745663458866869,0.01834862385321101
Resort Hotel,0,22,2016,November,47,15,2,5,2,0,0,HB,GBR,Online TA,TA/TO,0,0,0,D,D,0,No Deposit,241.0,0,Transient,56.62,0,1,Check-Out,22-11-2016,-1.0438665830527867,0.10458715596330276
City Hotel,0,143,2017,January,4,26,0,3,2,0,0,BB,NLD,Online TA,TA/TO,0,0,0,A,A,1,No Deposit,9.0,0,Transient,79.2,0,2,Check-Out,29-01-2017,-0.5906245233774002,0.03853211009174312
Resort Hotel,0,88,2016,April,16,15,2,5,2,0,0,BB,FIN,Offline TA/TO,TA/TO,0,0,0,D,F,0,No Deposit,314.0,0,Transient,69.7,0,1,Check-Out,22-04-2016,-0.7813153810796221,0.04954128440366973
City Hotel,1,118,2017,July,27,2,2,0,2,0,0,BB,PRT,Online TA,TA/TO,0,0,0,A,A,0,No Deposit,7.0,0,Transient,95.76,0,0,Canceled,16-05-2017,-0.25822024931963244,0.1798165137614679
City Hotel,1,37,2016,October,42,13,0,3,1,0,0,BB,PRT,Offline TA/TO,TA/TO,0,0,0,A,A,0,No Deposit,56.0,0,Transient-Party,95.0,0,0,Canceled,06-09-2016,-0.2734755179358103,0.26972477064220185
Resort Hotel,0,42,2016,January,5,28,0,3,1,0,0,BB,POL,Direct,Direct,0,0,0,A,D,0,No Deposit,250.0,0,Transient,44.0,1,0,Check-Out,31-01-2016,-1.2971843329687907,0.23486238532110093
Resort Hotel,0,66,2015,December,50,12,2,5,2,0,0,HB,GBR,Offline TA/TO,TA/TO,0,0,0,D,D,0,No Deposit,115.0,0,Transient,56.7,0,0,Check-Out,19-12-2015,-1.0422607653037153,0.3944954128440367
City Hotel,0,122,2016,March,14,27,2,1,3,0,0,HB,PRT,Offline TA/TO,TA/TO,0,0,0,A,D,1,No Deposit,26.0,0,Transient-Party,128.0,0,2,Check-Out,30-03-2016,0.3889243035561182,0.3889908256880734
City Hotel,0,18,2016,December,52,18,2,2,2,0,0,BB,FRA,Online TA,TA/TO,0,0,0,A,A,0,No Deposit,7.0,0,Transient,68.07,0,0,Check-Out,22-12-2016,-0.8140339177169509,0.4
City Hotel,0,29,2017,January,3,18,0,3,1,0,0,BB,FRA,Groups,TA/TO,0,0,0,A,A,0,No Deposit,171.0,0,Transient-Party,65.0,0,0,Check-Out,21-01-2017,-0.8756571738375635,0.5963302752293578
City Hotel,0,39,2016,December,52,19,1,2,2,0,0,HB,DEU,Offline TA/TO,TA/TO,0,0,0,A,A,0,No Deposit,16.0,0,Transient,102.0,0,0,Check-Out,22-12-2016,-0.13296646489206793,0.11559633027522936
City Hotel,0,17,2016,November,46,12,1,1,2,0,0,SC,ZAF,Online TA,TA/TO,0,0,0,A,A,0,No Deposit,9.0,0,Transient,114.0,0,2,Check-Out,14-11-2016,0.10790619746863335,0.05321100917431193
Resort Hotel,0,166,2016,October,43,20,2,5,2,0,0,BB,IRL,Online TA,TA/TO,0,0,0,A,A,0,No Deposit,240.0,0,Transient-Party,52.71,0,3,Check-Out,27-10-2016,-1.1223509255386483,0.012844036697247707
City Hotel,0,20,2016,October,41,2,2,1,2,0,0,BB,USA,Online TA,TA/TO,0,0,0,D,D,0,No Deposit,9.0,0,Transient,164.0,0,0,Check-Out,05-10-2016,1.111542290638222,0.3889908256880734
City Hotel,0,167,2017,August,33,16,0,3,2,1,0,BB,CHN,Online TA,TA/TO,0,0,0,A,D,0,No Deposit,9.0,0,Transient,133.65,0,1,Check-Out,19-08-2017,0.5023351820842819,0.13577981651376148
City Hotel,0,110,2017,May,18,3,0,3,2,0,0,SC,NLD,Online TA,TA/TO,0,0,0,A,A,0,No Deposit,9.0,0,Transient,108.0,0,1,Check-Out,06-05-2017,-0.01253013371171728,0.09908256880733946
City Hotel,1,56,2017,March,12,21,0,3,2,0,0,BB,PRT,Offline TA/TO,TA/TO,0,0,0,A,A,0,Non Refund,86.0,0,Transient,85.0,0,0,Canceled,24-01-2017,-0.47420273656972806,0.25504587155963304
City Hotel,1,142,2016,April,17,22,2,3,1,0,0,BB,POL,Groups,TA/TO,0,0,0,A,A,0,Non Refund,37.0,0,Transient,89.0,0,0,Canceled,18-01-2016,-0.39391184911616095,0.41467889908256883
Resort Hotel,0,0,2016,February,9,22,1,2,2,0,0,BB,ESP,Online TA,TA/TO,0,0,0,A,D,0,No Deposit,240.0,0,Transient,48.0,0,0,Check-Out,25-02-2016,-1.2168934455152236,0.2036697247706422
City Hotel,0,332,2016,September,39,22,1,3,2,0,0,BB,PRT,Online TA,TA/TO,0,0,0,A,A,1,No Deposit,7.0,0,Transient,77.23,0,0,Check-Out,26-09-2016,-0.630167785448282,0.26055045871559634
Resort Hotel,0,28,2017,February,8,20,3,7,2,0,0,HB,GBR,Offline TA/TO,TA/TO,0,0,0,E,E,0,No Deposit,57.0,0,Transient,78.0,0,0,Check-Out,02-03-2017,-0.6147117896134705,0.007339449541284404
City Hotel,0,6,2015,December,50,10,0,2,2,0,0,HB,DEU,Offline TA/TO,TA/TO,0,0,0,A,A,1,No Deposit,6.0,0,Transient-Party,0.0,0,0,Check-Out,12-12-2015,-2.1803840949580287,0.4055045871559633
City Hotel,0,93,2016,May,22,23,1,2,2,0,0,HB,USA,Direct,Direct,0,0,0,E,E,1,No Deposit,14.0,0,Transient-Party,211.0,0,0,Check-Out,26-05-2016,2.0549602182176354,0.21651376146788992
Resort Hotel,0,18,2016,December,51,17,4,10,2,0,0,BB,GBR,Online TA,TA/TO,0,0,0,D,D,0,No Deposit,241.0,0,Transient,46.22,0,1,Check-Out,31-12-2016,-1.252622890432061,0.5247706422018349
City Hotel,1,162,2017,April,13,1,2,1,2,0,0,BB,PRT,Groups,TA/TO,0,0,0,A,A,0,No Deposit,296.0,0,Transient-Party,98.0,0,0,Canceled,10-01-2017,-0.213257352345635,0.3357798165137615
Resort Hotel,0,1,2017,January,4,27,1,2,1,0,0,BB,ITA,Online TA,TA/TO,0,0,0,G,G,0,No Deposit,242.0,0,Transient-Party,88.67,0,1,Check-Out,30-01-2017,-0.4005358473310802,0.1798165137614679
Resort Hotel,0,164,2016,June,27,30,2,8,2,0,0,BB,GBR,Offline TA/TO,TA/TO,0,0,0,A,A,0,No Deposit,243.0,0,Contract,57.8,0,0,Check-Out,10-07-2016,-1.0201807712539843,0.41100917431192663
City Hotel,0,85,2016,October,44,26,0,1,2,0,0,BB,BRA,Online TA,TA/TO,0,0,0,A,A,0,No Deposit,9.0,0,Transient,90.9,0,3,Check-Out,27-10-2016,-0.3557736775757165,0.11743119266055047
City Hotel,0,88,2016,May,19,3,0,3,1,0,0,HB,PRT,Offline TA/TO,TA/TO,0,0,0,A,A,1,No Deposit,3.0,0,Transient-Party,96.0,0,0,Check-Out,06-05-2016,-0.25340279607241856,0.3486238532110092
City Hotel,0,102,2017,April,18,30,2,4,2,0,0,BB,DZA,Offline TA/TO,TA/TO,0,0,0,A,D,0,No Deposit,28.0,0,Transient,85.0,0,0,Check-Out,06-05-2017,-0.47420273656972806,0.1779816513761468
Resort Hotel,0,14,2015,November,45,3,0,3,2,0,0,HB,BEL,Online TA,TA/TO,0,0,0,A,D,1,No Deposit,240.0,0,Transient,78.0,0,1,Check-Out,06-11-2015,-0.6147117896134705,0.3394495412844037
City Hotel,0,114,2017,May,20,17,0,4,2,0,0,BB,BEL,Online TA,TA/TO,0,0,0,A,A,3,No Deposit,9.0,0,Transient,123.75,0,1,Check-Out,21-05-2017,0.3036152356367031,0.42935779816513764
City Hotel,1,85,2016,January,4,22,0,1,1,0,0,BB,PRT,Groups,TA/TO,0,1,0,A,A,0,Non Refund,29.0,0,Transient,75.0,0,0,Canceled,02-12-2015,-0.6749299552036457,0.045871559633027525
City Hotel,0,327,2015,September,37,9,2,4,2,0,0,HB,PRT,Offline TA/TO,TA/TO,0,0,0,A,A,0,No Deposit,21.0,0,Transient-Party,88.0,0,0,Check-Out,15-09-2015,-0.4139845709795527,0.22018348623853212
City Hotel,0,10,2015,December,52,20,2,2,2,0,0,SC,USA,Online TA,TA/TO,0,0,0,A,A,0,No Deposit,7.0,0,Transient,52.36,0,1,Check-Out,24-12-2015,-1.1293763781908355,0.6220183486238533
City Hotel,1,57,2016,October,43,17,1,3,3,0,0,BB,CHE,Online TA,TA/TO,0,0,0,D,D,0,No Deposit,9.0,0,Transient,158.4,0,1,Canceled,04-09-2016,0.9991350482032282,0.3743119266055046
Resort Hotel,0,21,2017,June,22,2,2,5,2,1,0,HB,GBR,Offline TA/TO,TA/TO,0,0,0,A,A,0,No Deposit,40.0,0,Contract,113.75,0,0,Check-Out,09-06-2017,0.10288801700278541,0.24220183486238533
City Hotel,1,192,2016,August,35,24,0,4,2,0,0,SC,HUN,Online TA,TA/TO,0,0,0,A,A,0,No Deposit,9.0,0,Transient,89.25,0,0,Canceled,10-06-2016,-0.388893668650313,0.0
City Hotel,1,27,2016,December,50,7,0,3,2,0,0,BB,ESP,Online TA,TA/TO,0,0,0,A,A,0,No Deposit,9.0,0,Transient,113.0,0,2,Canceled,20-11-2016,0.08783347560524159,0.044036697247706424
City Hotel,1,98,2016,August,33,12,2,5,3,0,0,HB,FRA,Online TA,TA/TO,0,0,0,D,D,0,No Deposit,9.0,0,Transient,212.4,0,2,Canceled,31-07-2016,2.083062028826384,0.08440366972477065
City Hotel,1,147,2016,April,16,11,1,5,2,0,0,SC,PRT,Online TA,TA/TO,0,0,0,A,A,0,No Deposit,9.0,0,Contract,90.95,0,0,No-Show,11-04-2016,-0.3547700414825469,0.5633027522935781
City Hotel,1,128,2017,June,24,12,1,2,1,0,0,BB,FRA,Online TA,TA/TO,0,0,0,A,A,0,No Deposit,9.0,0,Transient,135.0,0,0,Canceled,08-02-2017,0.5294333565998606,0.23669724770642203
City Hotel,1,215,2017,August,35,30,2,5,2,0,0,HB,ESP,Online TA,TA/TO,0,0,0,D,D,2,No Deposit,9.0,0,Transient,162.0,0,0,Canceled,25-06-2017,1.0713968469114383,0.15045871559633028
City Hotel,1,212,2017,May,20,20,1,1,2,0,0,BB,CN,Online TA,TA/TO,0,0,0,D,D,0,No Deposit,9.0,0,Transient,138.6,0,1,Canceled,29-10-2016,0.6016951553080708,0.3302752293577982
City Hotel,1,218,2017,June,23,8,0,3,2,0,0,SC,GBR,Online TA,TA/TO,0,0,0,A,A,0,No Deposit,9.0,0,Transient,99.0,0,0,Canceled,09-11-2016,-0.19318463048224324,0.14495412844036698
City Hotel,0,12,2015,October,44,25,2,1,2,0,0,BB,PRT,Groups,TA/TO,0,0,0,A,A,0,No Deposit,37.0,0,Transient-Party,85.67,0,0,Check-Out,28-10-2015,-0.4607540129212555,0.27889908256880735
City Hotel,1,325,2016,October,43,17,1,2,2,0,0,BB,PRT,Offline TA/TO,TA/TO,0,1,0,A,A,0,Non Refund,58.0,0,Transient,95.0,0,0,Canceled,06-01-2016,-0.2734755179358103,0.02018348623853211
Resort Hotel,0,63,2016,August,36,30,0,1,2,0,0,BB,CHN,Offline TA/TO,TA/TO,0,0,0,A,D,0,No Deposit,327.0,0,Transient-Party,112.0,0,2,Check-Out,31-08-2016,0.06776075374184981,0.5926605504587157
City Hotel,0,29,2017,May,21,27,0,1,2,0,0,SC,CHE,Online TA,TA/TO,0,0,0,A,A,0,No Deposit,9.0,0,Transient,160.0,0,0,Check-Out,28-05-2017,1.031251403184655,0.3100917431192661
Resort Hotel,0,9,2015,July,29,12,2,1,2,0,0,BB,ESP,Online TA,TA/TO,0,0,0,A,A,0,No Deposit,240.0,0,Transient,117.9,0,3,Check-Out,15-07-2015,0.18618981273586138,0.46422018348623856
City Hotel,0,7,2015,September,38,19,2,2,2,0,0,BB,DEU,Online TA,TA/TO,0,0,0,A,A,0,No Deposit,9.0,0,Transient,126.0,0,3,Check-Out,23-09-2015,0.3487788598293346,0.28807339449541286
City Hotel,0,212,2016,May,21,20,2,3,2,0,0,BB,DEU,Offline TA/TO,TA/TO,0,0,0,A,A,0,No Deposit,21.0,0,Transient-Party,78.0,0,0,Check-Out,25-05-2016,-0.6147117896134705,0.7174311926605506
City Hotel,1,74,2015,September,38,18,0,2,1,0,0,HB,PRT,Offline TA/TO,TA/TO,0,0,0,A,A,0,Non Refund,6.0,0,Transient-Party,80.0,0,0,Canceled,06-07-2015,-0.5745663458866869,0.581651376146789
City Hotel,0,107,2016,July,28,9,2,5,2,0,0,BB,ITA,Online TA,TA/TO,0,0,0,A,A,0,No Deposit,9.0,0,Transient,109.16,0,1,Check-Out,16-07-2016,0.010754223649817108,0.01834862385321101
City Hotel,1,54,2017,May,18,3,0,4,2,0,0,SC,FRA,Online TA,TA/TO,0,0,0,A,A,0,No Deposit,9.0,0,Transient,126.0,0,0,Canceled,12-03-2017,0.3487788598293346,0.10825688073394496
City Hotel,0,139,2017,April,14,6,0,3,2,0,0,BB,IRL,Online TA,TA/TO,0,0,0,D,D,1,No Deposit,9.0,0,Transient,166.5,0,2,Check-Out,09-04-2017,1.1617240952967014,0.6458715596330276
Resort Hotel,1,8,2016,November,49,27,2,3,2,0,0,BB,ESP,Direct,Direct,0,0,0,F,F,0,No Deposit,250.0,0,Transient,57.55,0,0,Canceled,21-11-2016,-1.0251989517198323,0.5871559633027523
City Hotel,1,226,2016,August,35,27,1,1,2,0,0,HB,PRT,Groups,TA/TO,0,0,0,A,A,0,Non Refund,1.0,0,Transient,96.0,0,0,Canceled,12-08-2016,-0.25340279607241856,0.15412844036697249
Resort Hotel,0,111,2015,August,32,4,2,5,2,0,0,BB,GBR,Offline TA/TO,TA/TO,0,0,0,A,A,0,No Deposit,40.0,0,Contract,93.6,0,0,Check-Out,11-08-2015,-0.30157732854455893,0.6605504587155964
City Hotel,1,34,2015,December,50,8,0,2,1,0,0,BB,PRT,Offline TA/TO,TA/TO,0,1,0,A,A,0,Non Refund,19.0,0,Transient,90.0,0,0,Canceled,17-11-2015,-0.3738391272527692,0.7596330275229358
City Hotel,0,142,2017,July,29,16,2,2,1,0,0,SC,DEU,Online TA,TA/TO,0,0,0,A,A,0,No Deposit,9.0,0,Transient,89.1,0,1,Check-Out,20-07-2017,-0.3919045769298219,0.13577981651376148
Resort Hotel,0,4,2015,October,42,13,0,2,2,0,0,BB,GBR,Direct,Direct,0,0,0,F,F,0,No Deposit,250.0,0,Transient,76.0,0,2,Check-Out,15-10-2015,-0.654857233340254,0.007339449541284404
City Hotel,0,221,2015,October,42,17,2,1,2,0,0,BB,FRA,Offline TA/TO,TA/TO,0,0,0,A,A,0,No Deposit,3.0,0,Transient-Party,65.0,0,0,Check-Out,20-10-2015,-0.8756571738375635,0.2
City Hotel,0,118,2016,May,22,26,0,2,2,0,0,BB,PRT,Offline TA/TO,TA/TO,0,0,0,A,A,0,No Deposit,27.0,0,Transient,80.75,0,0,Check-Out,28-05-2016,-0.5595118044891431,0.381651376146789
City Hotel,1,286,2016,October,43,16,1,0,2,0,0,BB,PRT,Offline TA/TO,TA/TO,0,0,0,A,A,0,Non Refund,44.0,0,Transient,90.0,0,0,Canceled,20-06-2016,-0.3738391272527692,0.0
Resort Hotel,0,183,2015,September,36,1,2,6,2,0,0,BB,PRT,Online TA,TA/TO,0,0,0,A,A,0,No Deposit,240.0,0,Transient,123.0,0,1,Check-Out,09-09-2015,0.2885606942391593,0.11743119266055047
Resort Hotel,0,98,2015,July,29,13,1,1,2,0,0,BB,ESP,Online TA,TA/TO,0,0,0,A,A,0,No Deposit,240.0,0,Transient-Party,82.0,0,3,Check-Out,15-07-2015,-0.5344209021599033,0.1743119266055046
City Hotel,0,224,2016,October,44,23,2,1,3,0,0,BB,CHE,Online TA,TA/TO,0,0,0,D,E,0,No Deposit,9.0,0,Transient,128.7,0,2,Check-Out,26-10-2016,0.4029752088604922,0.22201834862385322
City Hotel,1,64,2017,February,6,10,2,3,2,0,0,SC,ESP,Online TA,TA/TO,0,0,0,A,A,0,No Deposit,9.0,0,Transient,74.8,0,0,Canceled,08-12-2016,-0.6789444995763242,0.24954128440366974
City Hotel,0,190,2017,August,32,7,1,5,3,0,0,BB,DEU,Online TA,TA/TO,0,0,0,D,D,0,No Deposit,9.0,0,Transient,175.5,0,0,Check-Out,13-08-2017,1.3423785920672273,0.24220183486238533
City Hotel,1,97,2015,October,41,5,1,3,1,0,0,BB,PRT,Groups,TA/TO,0,0,0,A,A,0,Non Refund,29.0,0,Transient,140.0,0,0,Canceled,03-07-2015,0.6297969659168194,0.5229357798165137
City Hotel,0,3,2016,August,33,13,0,1,2,0,0,SC,FRA,Online TA,TA/TO,0,0,0,A,A,0,No Deposit,9.0,0,Transient,168.0,0,2,Check-Out,14-08-2016,1.191833178091789,0.3834862385321101
City Hotel,1,185,2016,August,33,13,2,5,2,0,0,SC,FRA,Online TA,TA/TO,0,0,0,A,A,0,No Deposit,9.0,0,Transient,89.25,0,0,Canceled,10-03-2016,-0.388893668650313,0.031192660550458717
City Hotel,1,234,2016,August,36,31,0,4,2,0,0,SC,DEU,Online TA,TA/TO,0,0,0,A,A,0,No Deposit,9.0,0,Transient,80.75,0,0,Canceled,13-01-2016,-0.5595118044891431,0.6256880733944954
City Hotel,0,25,2017,April,16,21,0,1,2,0,0,BB,USA,Direct,Direct,0,0,0,D,D,0,No Deposit,14.0,0,Transient,148.0,1,0,Check-Out,22-04-2017,0.7903787408239537,0.007339449541284404
City Hotel,1,120,2016,September,36,2,1,2,1,0,0,BB,PRT,Groups,TA/TO,0,0,0,A,A,0,Non Refund,37.0,0,Transient,115.0,0,0,Canceled,14-06-2016,0.12797891933202513,0.6568807339449542
Resort Hotel,0,339,2017,March,10,11,2,5,2,0,0,HB,PRT,Groups,TA/TO,0,0,0,D,D,0,No Deposit,298.0,0,Transient-Party,64.0,0,0,Check-Out,18-03-2017,-0.8957298957009553,0.11192660550458716
City Hotel,0,204,2016,September,38,12,1,1,3,0,0,BB,MEX,Online TA,TA/TO,0,0,0,D,D,0,No Deposit,9.0,0,Transient,168.3,0,2,Check-Out,14-09-2016,1.1978549946508068,0.4990825688073395
City Hotel,0,352,2017,June,23,4,2,2,2,0,0,BB,DEU,Offline TA/TO,TA/TO,0,0,0,A,A,0,No Deposit,21.0,0,Transient-Party,83.75,0,1,Check-Out,08-06-2017,-0.4992936388989678,0.10091743119266056
City Hotel,0,132,2016,June,24,11,1,1,2,1,0,BB,DEU,Online TA,TA/TO,0,0,0,A,D,0,No Deposit,9.0,0,Transient,143.1,0,2,Check-Out,13-06-2016,0.6920224036933338,0.0
Resort Hotel,0,0,2017,April,15,9,2,0,2,0,0,BB,DEU,Online TA,TA/TO,0,0,0,A,A,1,No Deposit,240.0,0,Transient-Party,90.0,0,1,Check-Out,11-04-2017,-0.3738391272527692,0.08990825688073395
Resort Hotel,0,24,2016,March,10,5,2,5,2,0,0,BB,GBR,Offline TA/TO,TA/TO,0,0,0,D,D,0,No Deposit,115.0,0,Transient,33.3,0,0,Check-Out,12-03-2016,-1.5119624569070826,0.28623853211009176
Resort Hotel,1,46,2016,September,39,19,1,0,2,0,0,BB,CYP,Online TA,TA/TO,0,0,0,A,A,0,No Deposit,240.0,0,Transient,92.0,0,0,Canceled,24-08-2016,-0.33369368352598566,0.13211009174311927
City Hotel,1,307,2015,August,34,20,0,2,2,0,0,BB,PRT,Groups,TA/TO,0,1,0,A,A,0,Non Refund,1.0,0,Contract,62.0,0,0,Canceled,01-01-2015,-0.9358753394277388,0.5944954128440367
Resort Hotel,0,129,2016,May,21,21,2,1,2,0,0,BB,GBR,Offline TA/TO,TA/TO,0,0,0,A,A,0,No Deposit,177.0,0,Transient,41.4,0,0,Check-Out,24-05-2016,-1.3493734098136092,0.21100917431192662
City Hotel,0,82,2016,March,14,28,1,2,2,0,0,BB,PRT,Offline TA/TO,TA/TO,0,0,0,A,A,0,No Deposit,27.0,0,Transient,38.67,0,0,Check-Out,31-03-2016,-1.4041719405006687,0.045871559633027525
City Hotel,1,180,2016,July,30,23,1,1,2,1,0,BB,GBR,Online TA,TA/TO,0,0,0,B,B,0,No Deposit,9.0,0,Transient,112.5,0,0,Canceled,26-01-2016,0.07779711467354569,0.45871559633027525
City Hotel,1,79,2015,November,46,13,0,2,2,0,0,BB,PRT,Offline TA/TO,TA/TO,0,0,0,A,A,0,Non Refund,60.0,69,Transient,75.0,0,0,Canceled,03-11-2015,-0.6749299552036457,0.014678899082568808
Resort Hotel,1,213,2016,May,21,16,1,1,2,0,0,HB,PRT,Groups,TA/TO,0,0,0,A,A,0,No Deposit,298.0,0,Transient-Party,85.0,0,0,Canceled,19-04-2016,-0.47420273656972806,0.14311926605504588
City Hotel,0,152,2016,July,29,10,2,2,2,0,0,BB,PRT,Online TA,TA/TO,0,0,0,D,D,3,No Deposit,9.0,0,Transient,134.3,0,3,Check-Out,14-07-2016,0.5153824512954865,0.1688073394495413
City Hotel,1,11,2017,March,10,10,0,2,2,0,0,BB,PER,Direct,Direct,0,0,0,D,D,0,No Deposit,14.0,0,Transient,123.0,0,0,Canceled,06-03-2017,0.2885606942391593,0.08990825688073395
City Hotel,1,323,2016,May,22,26,0,2,2,0,0,BB,PRT,Groups,TA/TO,0,0,0,A,A,0,Non Refund,1.0,0,Transient,62.0,0,0,Canceled,21-10-2015,-0.9358753394277388,0.15045871559633028
City Hotel,0,169,2016,April,17,22,2,2,2,0,0,BB,CN,Offline TA/TO,TA/TO,0,0,0,A,A,0,No Deposit,2.0,48,Transient-Party,77.0,0,1,Check-Out,26-04-2016,-0.6347845114768622,0.01651376146788991
Resort Hotel,1,253,2017,August,34,25,2,4,2,0,0,BB,ESP,Online TA,TA/TO,0,0,0,A,A,0,No Deposit,240.0,0,Transient,153.75,0,1,Canceled,07-01-2017,0.9057968915384563,0.0
Resort Hotel,0,157,2016,June,24,11,2,5,2,0,0,BB,GBR,Offline TA/TO,TA/TO,0,0,0,A,A,1,No Deposit,143.0,0,Transient,51.85,0,0,Check-Out,18-06-2016,-1.1396134663411652,0.5541284403669725
City Hotel,1,391,2016,August,32,4,0,2,2,0,0,BB,PRT,Groups,TA/TO,0,0,0,A,A,0,Non Refund,1.0,0,Transient,62.0,0,0,Canceled,21-10-2015,-0.9358753394277388,0.41834862385321103
City Hotel,1,317,2016,September,38,15,0,2,2,0,0,BB,PRT,Offline TA/TO,TA/TO,0,0,0,A,A,0,Non Refund,19.0,0,Transient,120.0,0,0,Canceled,09-02-2016,0.228342528648984,0.07155963302752294
City Hotel,0,10,2015,August,35,23,1,0,2,2,0,BB,PRT,Online TA,TA/TO,0,0,0,F,F,0,No Deposit,9.0,0,Contract,153.0,0,0,Check-Out,24-08-2015,0.8907423501409125,0.031192660550458717
City Hotel,0,59,2016,February,6,6,2,2,2,0,0,BB,AUT,Groups,TA/TO,0,0,0,A,D,0,No Deposit,1.0,0,Transient-Party,62.0,0,0,Check-Out,10-02-2016,-0.9358753394277388,0.08256880733944955
Resort Hotel,0,352,2017,May,21,25,2,5,2,0,0,BB,GBR,Offline TA/TO,TA/TO,0,0,0,A,A,0,No Deposit,6.0,0,Transient,66.0,0,0,Check-Out,01-06-2017,-0.8555844519741718,0.05321100917431193
City Hotel,0,320,2016,August,34,18,0,2,2,0,0,HB,USA,Offline TA/TO,TA/TO,0,0,0,A,A,0,No Deposit,6.0,0,Transient-Party,115.0,0,1,Check-Out,20-08-2016,0.12797891933202513,0.029357798165137616
City Hotel,0,84,2015,November,48,27,1,2,2,0,0,BB,PRT,Groups,TA/TO,0,0,0,A,A,0,No Deposit,1.0,0,Transient-Party,64.0,0,0,Check-Out,30-11-2015,-0.8957298957009553,0.04036697247706422
Resort Hotel,1,360,2016,September,37,8,2,6,2,0,0,HB,PRT,Online TA,TA/TO,0,0,0,A,A,1,No Deposit,240.0,0,Transient,120.0,0,2,Canceled,24-11-2015,0.228342528648984,0.3394495412844037
City Hotel,0,414,2017,July,28,13,0,2,2,0,0,HB,DEU,Groups,TA/TO,0,0,0,A,A,0,No Deposit,6.0,0,Transient-Party,122.4,0,1,Check-Out,15-07-2017,0.27651706112112434,0.13211009174311927
Resort Hotel,0,74,2016,May,19,4,0,2,2,0,0,BB,THA,Online TA,TA/TO,0,0,0,D,D,0,No Deposit,240.0,0,Transient,79.0,1,2,Check-Out,06-05-2016,-0.5946390677500787,0.1798165137614679
City Hotel,0,4,2016,February,9,25,0,2,2,0,0,BB,ITA,Online TA,TA/TO,0,0,0,A,A,0,No Deposit,9.0,0,Transient,93.0,0,0,Check-Out,27-02-2016,-0.31362096166259384,0.3908256880733945
Resort Hotel,1,109,2015,September,37,7,1,5,2,0,0,BB,PRT,Online TA,TA/TO,0,0,0,E,E,0,No Deposit,240.0,0,Transient,123.0,0,0,Canceled,05-06-2015,0.2885606942391593,0.6678899082568808
City Hotel,0,208,2017,May,21,24,0,2,2,0,0,HB,DEU,Groups,TA/TO,0,0,0,A,A,0,No Deposit,6.0,0,Transient-Party,114.4,0,0,Check-Out,26-05-2017,0.11593528621399017,0.7743119266055046
City Hotel,0,21,2016,November,48,21,1,5,1,0,0,BB,BRA,Offline TA/TO,TA/TO,0,0,0,A,A,0,No Deposit,85.0,0,Transient,63.75,0,0,Check-Out,27-11-2016,-0.9007480761668032,0.10091743119266056
Resort Hotel,0,0,2015,November,48,25,0,1,1,0,0,BB,PRT,Online TA,TA/TO,0,0,0,A,A,0,No Deposit,240.0,0,Transient,40.0,0,0,Check-Out,26-11-2015,-1.3774752204223577,0.21100917431192662
City Hotel,0,64,2016,September,38,16,0,2,2,0,0,BB,ESP,Online TA,TA/TO,0,0,0,D,D,0,No Deposit,9.0,0,Transient,149.4,0,1,Check-Out,18-09-2016,0.8184805514327023,0.25688073394495414
City Hotel,0,95,2017,August,34,21,1,3,2,0,0,BB,NLD,Offline TA/TO,TA/TO,0,0,0,A,A,0,No Deposit,138.0,0,Transient,80.1,0,1,Check-Out,25-08-2017,-0.5725590737003479,0.025688073394495414
City Hotel,0,121,2017,July,31,31,1,2,2,0,0,SC,NOR,Online TA,TA/TO,0,0,0,A,A,0,No Deposit,7.0,0,Transient,93.33,0,1,Check-Out,03-08-2017,-0.30699696344767463,0.1651376146788991
City Hotel,0,136,2016,July,30,23,2,1,2,0,0,BB,FRA,Groups,TA/TO,0,0,0,B,B,0,No Deposit,1.0,0,Transient,75.0,0,0,Check-Out,26-07-2016,-0.6749299552036457,0.045871559633027525
City Hotel,0,132,2016,May,19,6,0,2,2,0,0,BB,ESP,Online TA,TA/TO,0,0,0,A,A,0,No Deposit,9.0,0,Transient-Party,105.3,0,0,Check-Out,08-05-2016,-0.06672648274287513,0.2018348623853211
City Hotel,1,285,2016,October,41,3,1,3,2,0,0,BB,PRT,Offline TA/TO,TA/TO,0,0,0,A,A,0,Non Refund,31.0,24,Transient,100.0,0,0,Canceled,16-01-2016,-0.17311190861885145,0.1651376146788991
City Hotel,0,209,2017,August,33,16,0,3,3,0,0,BB,FRA,Offline TA/TO,TA/TO,0,0,0,A,D,0,No Deposit,28.0,0,Transient,115.0,0,1,Check-Out,19-08-2017,0.12797891933202513,0.04954128440366973
City Hotel,1,17,2016,July,28,9,1,1,3,0,0,BB,ESP,Online TA,TA/TO,0,0,0,D,D,0,No Deposit,9.0,0,Transient,187.0,0,0,Canceled,28-06-2016,1.5732148934962327,0.10275229357798166
Resort Hotel,1,341,2017,August,32,12,4,6,2,0,0,BB,GBR,Online TA,TA/TO,0,0,0,A,A,0,No Deposit,240.0,0,Transient,138.38,0,2,Canceled,20-09-2016,0.5972791564981247,0.09357798165137615
City Hotel,0,4,2016,September,40,27,0,1,2,0,0,BB,PRT,Offline TA/TO,TA/TO,1,0,2,A,A,0,No Deposit,94.0,0,Transient,75.0,0,2,Check-Out,28-09-2016,-0.6749299552036457,0.08073394495412844
City Hotel,1,358,2016,June,27,30,0,2,2,0,0,BB,PRT,Groups,TA/TO,0,0,0,A,A,0,Non Refund,1.0,0,Transient,62.0,0,0,Canceled,21-10-2015,-0.9358753394277388,0.001834862385321101
City Hotel,0,61,2017,June,22,3,2,1,2,0,0,BB,FRA,Online TA,TA/TO,0,0,0,D,D,0,No Deposit,9.0,0,Transient,170.0,0,1,Check-Out,06-06-2017,1.2319786218185727,0.10825688073394496
Resort Hotel,1,272,2017,April,15,14,2,2,2,0,0,BB,FIN,Online TA,TA/TO,0,0,0,E,E,0,No Deposit,240.0,0,Transient,91.35,0,0,Canceled,25-07-2016,-0.3467409527371904,0.001834862385321101
Resort Hotel,0,55,2016,August,33,8,1,4,3,1,0,BB,PRT,Online TA,TA/TO,0,0,0,H,H,0,No Deposit,240.0,0,Transient,286.0,1,0,Check-Out,13-08-2016,3.560414357972018,0.6165137614678899
Resort Hotel,0,0,2016,January,2,6,0,1,1,0,0,BB,PRT,Online TA,TA/TO,0,0,0,A,D,1,No Deposit,240.0,0,Transient,39.0,0,0,Check-Out,07-01-2016,-1.3975479422857495,0.06972477064220184
City Hotel,1,49,2016,July,29,11,1,0,2,0,0,SC,CHN,Online TA,TA/TO,0,0,0,A,A,0,No Deposit,9.0,0,Transient,93.15,0,0,Canceled,20-06-2016,-0.310610053383085,0.05321100917431193
City Hotel,0,156,2016,August,34,14,2,4,2,0,0,BB,ESP,Direct,Direct,0,0,0,A,A,0,No Deposit,14.0,0,Transient,114.33,1,0,Check-Out,20-08-2016,0.1145301956835526,0.21100917431192662
City Hotel,0,72,2017,March,11,17,0,2,2,0,0,BB,NLD,Online TA,TA/TO,0,0,0,A,A,0,No Deposit,7.0,0,Transient,71.1,0,1,Check-Out,19-03-2017,-0.7532135704708738,0.07155963302752294
City Hotel,1,199,2017,July,28,13,0,2,3,0,0,BB,BEL,Online TA,TA/TO,0,0,0,A,A,0,No Deposit,9.0,0,Transient,107.1,0,0,Canceled,26-12-2016,-0.030595583388769988,0.30091743119266057
City Hotel,1,324,2017,June,23,8,0,3,2,0,0,SC,DEU,Online TA,TA/TO,0,0,0,A,A,0,No Deposit,9.0,0,Transient,99.0,0,0,Canceled,01-05-2017,-0.19318463048224324,0.031192660550458717
City Hotel,0,115,2016,March,12,18,0,2,2,0,0,HB,PRT,Groups,TA/TO,0,0,0,A,A,0,No Deposit,1.0,0,Transient-Party,90.0,0,0,Check-Out,20-03-2016,-0.3738391272527692,0.24954128440366974
City Hotel,0,25,2015,September,38,19,2,4,2,0,0,BB,PRT,Online TA,TA/TO,0,0,0,D,D,0,No Deposit,8.0,0,Transient,118.15,0,1,Check-Out,25-09-2015,0.19120799320170934,0.05137614678899083
Resort Hotel,0,250,2017,June,24,17,4,6,2,0,0,BB,IRL,Online TA,TA/TO,0,0,0,E,E,0,No Deposit,240.0,0,Transient,107.1,0,4,Check-Out,27-06-2017,-0.030595583388769988,0.08990825688073395
City Hotel,0,8,2016,March,10,2,0,1,1,0,0,BB,PRT,Online TA,TA/TO,0,0,0,A,A,0,No Deposit,9.0,0,Transient-Party,86.0,0,0,Check-Out,03-03-2016,-0.4541300147063363,0.04036697247706422
City Hotel,1,78,2017,April,17,29,2,1,2,0,0,BB,PRT,Groups,TA/TO,0,0,0,A,A,0,Non Refund,6.0,0,Transient,90.0,0,0,Canceled,10-02-2017,-0.3738391272527692,0.047706422018348627
City Hotel,0,92,2017,May,20,14,2,1,2,0,0,SC,CN,Online TA,TA/TO,0,0,0,A,D,0,No Deposit,9.0,0,Transient,120.0,0,2,Check-Out,17-05-2017,0.228342528648984,0.363302752293578
City Hotel,0,49,2016,June,23,4,1,1,2,0,0,BB,SWE,Online TA,TA/TO,0,0,0,D,D,0,No Deposit,8.0,0,Transient,135.9,0,1,Check-Out,06-06-2016,0.5474988062769133,0.03302752293577982
City Hotel,1,82,2016,September,38,15,0,3,2,0,0,BB,GBR,Online TA,TA/TO,0,0,0,D,D,0,No Deposit,9.0,0,Transient,149.4,0,1,Canceled,12-09-2016,0.8184805514327023,0.1963302752293578
City Hotel,0,9,2016,February,7,8,1,2,2,0,0,SC,GBR,Offline TA/TO,TA/TO,0,0,0,A,A,0,No Deposit,28.0,0,Transient,58.0,0,0,Check-Out,11-02-2016,-1.0161662268813059,0.1651376146788991
Resort Hotel,0,0,2016,February,9,22,1,0,1,0,0,BB,PRT,Corporate,Corporate,1,0,1,A,D,0,No Deposit,195.0,0,Transient,30.0,0,0,Check-Out,23-02-2016,-1.5782024390562754,0.11009174311926606
City Hotel,1,302,2016,September,38,16,1,2,2,0,0,BB,PRT,Offline TA/TO,TA/TO,0,0,0,A,A,0,Non Refund,12.0,70,Transient,100.0,0,0,Canceled,28-01-2016,-0.17311190861885145,0.1926605504587156
City Hotel,0,228,2016,September,37,10,2,2,2,0,0,SC,AUS,Online TA,TA/TO,0,0,0,A,A,0,No Deposit,9.0,0,Transient,90.1,0,1,Check-Out,14-09-2016,-0.37183185506643013,0.01651376146788991
Resort Hotel,1,39,2016,March,13,21,1,4,2,0,0,HB,PRT,Online TA,TA/TO,0,0,0,D,D,0,No Deposit,240.0,0,Transient,96.8,0,0,Canceled,05-03-2016,-0.2373446185817052,0.009174311926605505
City Hotel,0,201,2017,August,32,6,2,1,2,1,0,BB,AUT,Online TA,TA/TO,0,0,0,A,A,1,No Deposit,9.0,0,Transient,148.5,0,3,Check-Out,09-08-2017,0.8004151017556494,0.060550458715596334
Resort Hotel,0,17,2017,August,32,6,1,0,2,0,0,BB,PRT,Online TA,TA/TO,0,0,0,C,C,2,No Deposit,240.0,0,Transient,249.0,1,1,Check-Out,07-08-2017,2.8177236490265227,0.022018348623853212
City Hotel,1,45,2016,November,47,19,1,1,1,0,0,BB,DEU,Online TA,TA/TO,0,0,0,A,A,0,No Deposit,9.0,0,Transient,86.4,0,0,Canceled,13-10-2016,-0.44610092596097944,0.022018348623853212
City Hotel,1,29,2017,March,10,6,1,3,2,0,0,SC,DEU,Online TA,TA/TO,0,0,0,A,A,0,No Deposit,9.0,0,Transient,74.8,0,0,Canceled,22-02-2017,-0.6789444995763242,0.2036697247706422
Resort Hotel,1,16,2016,August,32,6,2,3,2,0,0,HB,ESP,Online TA,TA/TO,0,0,0,A,A,0,No Deposit,240.0,0,Transient,251.0,0,0,Canceled,26-07-2016,2.8578690927533064,0.1779816513761468
City Hotel,0,22,2017,April,16,21,2,2,2,0,0,SC,ITA,Online TA,TA/TO,0,0,0,A,A,0,No Deposit,9.0,0,Transient,115.0,0,1,Check-Out,25-04-2017,0.12797891933202513,0.22752293577981653
City Hotel,1,185,2017,July,27,5,2,5,2,1,0,BB,DNK,Online TA,TA/TO,0,0,0,A,A,0,No Deposit,9.0,0,Transient,125.1,0,0,Canceled,01-01-2017,0.3307134101522819,0.27706422018348625
Resort Hotel,1,72,2016,July,29,14,2,5,2,1,0,BB,PRT,Online TA,TA/TO,0,0,0,A,A,0,No Deposit,5.0,0,Transient,128.0,0,0,Canceled,04-05-2016,0.3889243035561182,0.0
City Hotel,1,98,2016,October,44,26,0,2,2,0,0,SC,DNK,Online TA,TA/TO,0,0,0,A,A,0,No Deposit,9.0,0,Transient,80.1,0,0,Canceled,02-08-2016,-0.5725590737003479,
City Hotel,1,5,2015,October,43,19,1,2,1,0,0,BB,PRT,Online TA,TA/TO,0,1,0,D,D,0,No Deposit,9.0,0,Contract,136.0,0,2,Canceled,18-10-2015,0.5495060784632524,
Resort Hotel,1,219,2016,September,37,10,0,1,2,0,0,BB,PRT,Direct,Direct,0,0,0,E,E,0,No Deposit,250.0,0,Transient,115.0,0,1,Canceled,17-08-2016,0.12797891933202513,
City Hotel,1,213,2017,August,33,18,0,2,2,0,0,SC,GBR,Online TA,TA/TO,0,0,0,A,A,1,No Deposit,9.0,0,Transient,100.8,0,1,Canceled,25-04-2017,-0.15705373112813809,
City Hotel,1,364,2015,October,42,16,0,2,2,0,0,HB,PRT,Offline TA/TO,TA/TO,0,1,0,A,A,0,Non Refund,6.0,0,Transient-Party,101.5,0,0,Canceled,06-07-2015,-0.1430028258237638,
City Hotel,1,422,2017,June,24,13,0,1,2,0,0,BB,PRT,Groups,TA/TO,0,0,0,A,A,0,Non Refund,229.0,0,Transient,90.0,0,0,Canceled,05-05-2017,-0.3738391272527692,
City Hotel,1,55,2016,October,43,20,0,3,2,0,0,BB,IRL,Online TA,TA/TO,0,0,0,D,D,0,No Deposit,9.0,0,Transient,139.5,0,2,Canceled,04-09-2016,0.6197606049851235,
City Hotel,1,115,2016,August,35,26,2,2,2,0,0,BB,GBR,Online TA,TA/TO,0,0,0,D,D,0,No Deposit,9.0,0,Transient,131.4,0,0,Canceled,23-07-2016,0.4571715578916503,
Resort Hotel,0,38,2016,January,2,8,3,7,2,0,0,BB,GBR,Online TA,TA/TO,0,0,0,A,A,0,No Deposit,240.0,0,Transient,48.0,0,1,Check-Out,18-01-2016,-1.2168934455152236,
Resort Hotel,0,140,2017,May,22,28,3,5,2,2,0,HB,GBR,Online TA,TA/TO,0,0,0,G,G,2,No Deposit,240.0,0,Transient,215.5,0,0,Check-Out,05-06-2017,2.1452874666028983,
Resort Hotel,0,14,2016,December,53,30,0,2,2,0,0,BB,PRT,Online TA,TA/TO,0,0,0,D,G,0,No Deposit,240.0,0,Transient,109.5,0,0,Check-Out,01-01-2017,0.01757894908337038,
Resort Hotel,0,90,2015,July,28,9,2,5,2,0,0,BB,GBR,Offline TA/TO,TA/TO,0,0,0,A,A,0,No Deposit,40.0,0,Contract,93.6,0,0,Check-Out,16-07-2015,-0.30157732854455893,
Resort Hotel,1,25,2016,November,48,20,2,1,1,0,0,BB,CN,Online TA,TA/TO,0,0,0,A,A,0,No Deposit,240.0,0,Transient,43.0,0,1,Canceled,09-11-2016,-1.3172570548321825,
City Hotel,0,110,2017,April,17,27,1,3,2,0,0,SC,CHE,Online TA,TA/TO,0,0,0,A,A,0,No Deposit,9.0,0,Transient,99.0,0,0,Check-Out,01-05-2017,-0.19318463048224324,
City Hotel,1,90,2016,April,18,28,0,2,2,0,0,BB,ITA,Online TA,TA/TO,0,0,0,A,B,1,No Deposit,9.0,0,Transient,127.8,0,1,Canceled,23-04-2016,0.3849097591834398,
Resort Hotel,0,27,2016,June,25,12,2,1,1,0,0,BB,FRA,Online TA,TA/TO,0,0,0,A,A,0,No Deposit,240.0,0,Transient,120.0,0,1,Check-Out,15-06-2016,0.228342528648984,
City Hotel,1,56,2017,July,30,24,1,4,2,0,0,SC,USA,Online TA,TA/TO,0,0,0,A,A,0,No Deposit,9.0,0,Transient,127.6,0,0,Canceled,29-05-2017,0.38089521481076133,
Resort Hotel,0,252,2017,April,16,22,2,5,2,0,0,BB,GBR,Groups,TA/TO,0,0,0,D,D,4,No Deposit,273.0,0,Transient-Party,76.8,0,0,Check-Out,29-04-2017,-0.6387990558495407,
City Hotel,0,51,2016,July,30,21,2,5,2,0,0,HB,DEU,Offline TA/TO,TA/TO,0,0,0,D,D,0,No Deposit,16.0,0,Transient,87.3,0,0,Check-Out,28-07-2016,-0.428035476283927,
Resort Hotel,0,44,2015,July,30,22,0,4,2,1,0,HB,FRA,Online TA,TA/TO,0,0,0,D,D,1,No Deposit,242.0,0,Transient,167.69,0,1,Check-Out,26-07-2015,1.1856106343141375,
Resort Hotel,0,1,2016,September,38,14,0,2,2,0,0,BB,ESP,Direct,Direct,0,0,0,F,F,0,No Deposit,250.0,0,Transient,162.0,0,0,Check-Out,16-09-2016,1.0713968469114383,
City Hotel,0,59,2016,September,36,1,0,3,2,0,0,BB,FRA,Online TA,TA/TO,0,0,0,D,D,0,No Deposit,9.0,0,Transient,123.3,0,2,Check-Out,04-09-2016,0.29458251079817677,
Resort Hotel,0,1,2017,May,20,15,1,0,2,0,0,BB,PRT,Online TA,TA/TO,1,0,4,A,D,0,No Deposit,240.0,0,Transient,54.0,0,1,Check-Out,16-05-2017,-1.096457114334873,
City Hotel,0,336,2016,September,39,21,1,4,2,0,0,BB,DEU,Offline TA/TO,TA/TO,0,0,0,A,A,2,No Deposit,21.0,0,Transient-Party,78.0,0,0,Check-Out,26-09-2016,-0.6147117896134705,
Resort Hotel,0,38,2017,August,33,13,2,4,2,1,0,HB,PRT,Direct,Direct,0,0,0,A,A,1,No Deposit,250.0,0,Transient,296.33,0,1,Check-Out,19-08-2017,3.7677655748208547,
City Hotel,1,29,2017,March,9,3,2,2,2,0,0,BB,USA,Online TA,TA/TO,0,0,0,D,D,0,No Deposit,9.0,0,Transient,100.3,0,0,Canceled,16-02-2017,-0.167090092059834,
City Hotel,0,115,2017,July,28,14,2,4,2,1,0,BB,FIN,Online TA,TA/TO,0,0,0,G,G,0,No Deposit,8.0,0,Transient,277.5,0,2,Check-Out,20-07-2017,3.3897962221331883,
City Hotel,0,39,2016,March,14,28,1,0,2,0,0,BB,USA,Online TA,TA/TO,0,0,0,A,A,0,No Deposit,9.0,0,Transient,117.9,0,1,Check-Out,29-03-2016,0.18618981273586138,
City Hotel,0,164,2017,June,26,28,0,2,2,0,0,BB,GBR,Online TA,TA/TO,0,0,0,A,A,0,No Deposit,9.0,0,Transient,126.0,1,1,Check-Out,30-06-2017,0.3487788598293346,
City Hotel,1,17,2017,April,15,14,0,2,2,0,0,SC,ESP,Online TA,TA/TO,0,0,0,A,A,0,No Deposit,9.0,0,Transient,150.0,0,0,Canceled,30-03-2017,0.8305241845507372,
Resort Hotel,1,136,2015,July,30,20,2,5,2,2,0,BB,PRT,Online TA,TA/TO,0,1,0,G,G,0,No Deposit,240.0,0,Transient,237.0,0,0,Canceled,24-03-2015,2.5768509866658214,
City Hotel,0,28,2017,June,23,9,1,2,2,0,0,HB,FRA,Offline TA/TO,TA/TO,0,0,0,A,A,0,No Deposit,20.0,0,Transient,181.0,0,0,Check-Out,12-06-2017,1.4527785623158822,
City Hotel,0,49,2015,November,46,9,1,2,2,0,0,BB,FRA,Offline TA/TO,TA/TO,0,0,0,D,D,0,No Deposit,28.0,0,Transient,60.0,0,0,Check-Out,12-11-2015,-0.9760207831545223,
Resort Hotel,0,22,2016,May,20,9,1,1,2,0,0,BB,PRT,Online TA,TA/TO,0,0,0,A,A,0,No Deposit,240.0,0,Transient-Party,72.0,1,1,Check-Out,11-05-2016,-0.7351481207938211,
City Hotel,1,26,2016,June,26,23,0,1,2,0,0,BB,PRT,Online TA,TA/TO,0,0,0,A,A,0,No Deposit,9.0,0,Transient,101.0,0,0,Canceled,15-06-2016,-0.1530391867554597,
City Hotel,1,62,2016,September,39,21,0,1,1,0,0,HB,PRT,Offline TA/TO,TA/TO,0,0,0,A,A,0,No Deposit,3.0,0,Transient-Party,75.0,0,0,Canceled,24-08-2016,-0.6749299552036457,
Resort Hotel,0,198,2017,April,15,15,2,1,2,0,0,BB,GBR,Online TA,TA/TO,0,0,0,E,E,0,No Deposit,242.0,0,Transient,98.5,1,1,Check-Out,18-04-2017,-0.20322099141393912,
Resort Hotel,1,18,2016,April,18,25,1,3,2,0,0,BB,FIN,Online TA,TA/TO,0,0,0,E,E,0,No Deposit,240.0,0,Transient,85.0,0,0,Canceled,13-04-2016,-0.47420273656972806,
City Hotel,1,107,2016,May,19,7,2,1,2,1,0,BB,ITA,Online TA,TA/TO,0,0,0,A,A,1,No Deposit,9.0,0,Transient,130.0,0,1,Canceled,03-03-2016,0.4290697472829017,
City Hotel,0,90,2017,March,10,7,0,3,2,1,0,BB,BRA,Online TA,TA/TO,0,0,0,A,D,3,No Deposit,9.0,0,Transient,115.2,0,3,Check-Out,10-03-2017,0.13199346370470355,
City Hotel,0,60,2016,April,17,18,1,3,2,0,0,BB,SVK,Direct,Direct,0,0,0,D,D,2,No Deposit,14.0,0,Transient,98.68,0,0,Check-Out,22-04-2016,-0.19960790147852847,
City Hotel,1,105,2016,October,45,30,2,2,1,0,0,BB,FRA,Online TA,TA/TO,0,0,0,A,A,0,No Deposit,9.0,0,Transient,85.05,0,0,Canceled,17-07-2016,-0.4731991004765585,
City Hotel,0,9,2016,January,4,21,0,1,2,0,0,BB,PRT,Direct,Direct,0,0,0,A,A,3,No Deposit,14.0,0,Transient,91.0,0,1,Check-Out,22-01-2016,-0.3537664053893774,
City Hotel,1,101,2016,July,31,24,2,3,2,0,0,BB,PRT,Offline TA/TO,TA/TO,0,0,0,A,A,0,No Deposit,22.0,0,Transient,72.25,0,0,Canceled,15-07-2016,-0.7301299403279732,
Resort Hotel,0,5,2016,April,15,6,0,2,2,0,0,BB,PRT,Online TA,TA/TO,1,0,1,A,D,0,No Deposit,240.0,0,Transient,71.0,1,1,Check-Out,08-04-2016,-0.7552208426572129,
City Hotel,0,33,2016,February,9,26,1,2,2,1,0,BB,ESP,Online TA,TA/TO,0,0,0,A,D,0,No Deposit,9.0,0,Transient,102.37,0,1,Check-Out,29-02-2016,-0.12553955780261286,
City Hotel,0,12,2015,August,34,16,2,3,3,0,0,BB,DEU,Offline TA/TO,TA/TO,0,0,0,A,D,1,No Deposit,27.0,0,Transient,68.8,0,0,Check-Out,21-08-2015,-0.7993808307566748,
City Hotel,0,12,2015,October,41,4,1,0,2,0,0,BB,FRA,Offline TA/TO,TA/TO,0,0,0,A,D,0,No Deposit,3.0,0,Transient-Party,72.0,0,0,Check-Out,05-10-2015,-0.7351481207938211,
City Hotel,0,111,2017,June,25,21,0,3,2,0,0,BB,AUS,Online TA,TA/TO,0,0,0,A,A,0,No Deposit,9.0,0,Transient,126.0,0,0,Check-Out,24-06-2017,0.3487788598293346,
City Hotel,0,97,2017,April,17,25,0,3,2,0,0,HB,FRA,Offline TA/TO,TA/TO,0,0,0,A,D,0,No Deposit,28.0,0,Transient,115.0,0,0,Check-Out,28-04-2017,0.12797891933202513,
Resort Hotel,0,124,2017,March,13,26,2,4,1,0,0,BB,PRT,Online TA,TA/TO,0,0,1,A,C,1,No Deposit,241.0,0,Transient,27.07,0,0,Check-Out,01-04-2017,-1.6370155141160136,
City Hotel,0,151,2016,January,4,19,0,2,1,0,0,BB,PRT,Offline TA/TO,TA/TO,0,0,0,A,D,2,No Deposit,19.0,63,Transient-Party,71.0,0,0,Check-Out,21-01-2016,-0.7552208426572129,
City Hotel,0,0,2017,March,11,12,1,0,1,0,0,BB,CHN,Offline TA/TO,TA/TO,0,0,0,A,A,0,No Deposit,22.0,0,Transient,75.0,0,1,Check-Out,13-03-2017,-0.6749299552036457,
