hotel,is_canceled,lead_time,arrival_date_year,arrival_date_month,arrival_date_week_number,arrival_date_day_of_month,stays_in_weekend_nights,stays_in_week_nights,adults,children,babies,meal,country,market_segment,distribution_channel,is_repeated_guest,previous_cancellations,previous_bookings_not_canceled,reserved_room_type,assigned_room_type,booking_changes,deposit_type,agent,company,days_in_waiting_list,customer_type,adr,required_car_parking_spaces,total_of_special_requests,reservation_status,reservation_status_date
City Hotel,1,314,2015,August,35,27,0,2,2,0,0,BB,PRT,Groups,TA/TO,1,1,0,A,A,0,No Deposit,1,,0,Transient-Party,62.8,0,0,Canceled,17-10-2014
City Hotel,0,170,2017,August,31,5,0,1,2,0,0,BB,NLD,Online TA,TA/TO,0,0,0,A,A,0,No Deposit,9,,0,Transient,130.5,0,1,Check-Out,06-08-2017
City Hotel,0,30,2015,October,41,8,0,0,2,0,0,BB,PRT,Offline TA/TO,TA/TO,0,0,0,A,K,0,No Deposit,50,,0,Transient,0,0,0,Check-Out,08-10-2015
City Hotel,1,323,2015,September,36,5,2,2,2,0,0,BB,PRT,Groups,TA/TO,0,1,0,A,A,0,No Deposit,1,,0,Transient-Party,62,0,0,Canceled,06-07-2015
Resort Hotel,0,288,2015,September,36,2,1,4,2,0,0,BB,PRT,Online TA,TA/TO,0,0,0,A,A,2,No Deposit,240,,0,Transient-Party,110.7,0,0,Check-Out,07-09-2015
City Hotel,1,46,2017,June,25,20,0,1,2,0,0,BB,PRT,Groups,TA/TO,0,0,0,A,A,0,No Deposit,229,,0,Transient-Party,90,0,0,Canceled,06-06-2017
City Hotel,0,110,2016,August,35,21,2,5,2,2,0,BB,FRA,Online TA,TA/TO,0,0,0,G,G,0,No Deposit,7,,0,Transient,205.38,0,2,Check-Out,28-08-2016
City Hotel,0,7,2016,May,21,19,0,2,2,2,0,BB,BRA,Online TA,TA/TO,0,0,0,G,G,0,No Deposit,8,,0,Transient,296,0,2,Check-Out,21-05-2016
Resort Hotel,0,12,2016,August,33,13,1,1,2,0,0,BB,ESP,Online TA,TA/TO,0,0,0,E,E,0,No Deposit,240,,0,Transient,270,0,1,Check-Out,15-08-2016
City Hotel,1,30,2016,June,23,2,0,2,2,0,0,BB,PRT,Offline TA/TO,TA/TO,0,0,0,A,A,0,Non Refund,235,,0,Transient,140,0,0,Canceled,03-05-2016
Resort Hotel,0,179,2017,May,19,7,2,0,2,0,0,BB,BRA,Direct,Direct,0,0,0,A,A,1,No Deposit,,,0,Transient,74.25,0,2,Check-Out,09-05-2017
Resort Hotel,1,99,2015,August,34,22,2,2,2,0,0,HB,PRT,Online TA,TA/TO,0,0,0,A,A,0,No Deposit,240,,0,Transient,166,0,2,Canceled,23-07-2015
Resort Hotel,0,35,2016,December,52,21,0,2,1,0,0,BB,PRT,Online TA,TA/TO,1,0,5,A,D,2,No Deposit,314,,0,Group,34.4,0,0,Check-Out,23-12-2016
City Hotel,0,84,2015,November,48,27,1,2,2,0,0,BB,PRT,Groups,TA/TO,0,0,0,A,A,0,No Deposit,1,,0,Transient-Party,64,0,0,Check-Out,30-11-2015
City Hotel,1,454,2016,October,41,6,0,2,2,0,0,BB,PRT,Groups,TA/TO,0,0,0,A,A,0,Non Refund,1,,0,Transient,62,0,0,Canceled,21-10-2015
City Hotel,0,4,2017,May,21,21,2,0,1,0,0,BB,DEU,Aviation,Corporate,1,0,1,A,E,0,No Deposit,,153,0,Transient,150,0,0,Check-Out,23-05-2017
City Hotel,1,108,2017,July,30,24,1,2,3,0,0,BB,NLD,Online TA,TA/TO,0,0,0,D,D,0,No Deposit,9,,0,Transient,195,0,1,Canceled,17-04-2017
City Hotel,0,85,2015,September,40,30,0,3,2,0,0,HB,DEU,Offline TA/TO,TA/TO,0,0,0,A,A,0,No Deposit,31,,80,Transient-Party,125,0,0,Check-Out,03-10-2015
Resort Hotel,0,74,2016,April,15,9,2,5,1,0,0,BB,IRL,Groups,TA/TO,0,0,0,A,A,1,No Deposit,91,,0,Transient-Party,36,0,0,Check-Out,16-04-2016
City Hotel,0,405,2017,July,27,4,0,2,2,0,0,HB,DEU,Offline TA/TO,TA/TO,0,0,0,A,A,0,No Deposit,6,,0,Transient-Party,114.4,0,0,Check-Out,06-07-2017
City Hotel,1,50,2015,October,43,24,0,1,2,0,0,HB,PRT,Groups,TA/TO,0,0,0,A,A,0,Non Refund,,,0,Transient,146,0,0,Canceled,15-10-2015
Resort Hotel,1,352,2015,September,39,24,1,3,27,0,0,HB,PRT,Direct,Direct,0,0,0,A,A,0,No Deposit,,,0,Group,0,0,0,Canceled,02-01-2015
City Hotel,1,178,2016,April,18,28,0,3,1,0,0,BB,PRT,Offline TA/TO,TA/TO,0,1,0,A,A,0,Non Refund,19,,46,Transient,110,0,0,Canceled,18-12-2015
City Hotel,0,214,2017,March,13,26,2,2,2,0,0,BB,DEU,Online TA,TA/TO,0,0,0,A,A,0,No Deposit,9,,0,Transient,88.4,0,2,Check-Out,30-03-2017
City Hotel,0,47,2016,February,8,20,0,1,2,0,0,BB,GBR,Online TA,TA/TO,0,0,0,B,B,1,No Deposit,9,,0,Transient-Party,71.52,0,0,Check-Out,21-02-2016
Resort Hotel,1,46,2017,May,22,31,1,4,2,0,0,HB,PRT,Online TA,TA/TO,0,0,0,A,A,0,No Deposit,240,,0,Transient,172,0,1,Canceled,10-05-2017
Resort Hotel,1,16,2016,August,34,18,0,3,2,0,0,BB,RUS,Online TA,TA/TO,0,0,0,E,E,0,No Deposit,240,,0,Transient,247.33,0,1,Canceled,08-08-2016
Resort Hotel,0,0,2016,February,6,1,1,0,1,0,0,BB,PRT,Corporate,Corporate,0,0,0,A,D,0,No Deposit,,,0,Transient,39,0,1,Check-Out,02-02-2016
Resort Hotel,0,3,2016,January,3,11,1,2,1,0,0,BB,PRT,Offline TA/TO,TA/TO,0,0,0,A,D,0,No Deposit,96,,0,Transient,25,0,0,Check-Out,14-01-2016
Resort Hotel,0,20,2016,July,31,24,2,2,2,0,0,BB,IRL,Online TA,TA/TO,0,0,0,D,D,0,No Deposit,241,,0,Transient,149.38,0,2,Check-Out,28-07-2016
City Hotel,0,5,2016,April,18,27,0,1,1,0,0,BB,ESP,Direct,Direct,0,0,0,A,A,0,No Deposit,,,0,Transient-Party,121,0,0,Check-Out,28-04-2016
City Hotel,0,42,2016,August,35,23,0,5,3,0,0,BB,ESP,Online TA,TA/TO,0,0,0,D,D,0,No Deposit,9,,0,Transient,168.3,0,0,Check-Out,28-08-2016
Resort Hotel,0,2,2016,October,44,23,2,2,1,0,0,SC,SWE,Online TA,TA/TO,0,0,0,A,I,0,No Deposit,241,,0,Transient,4.5,0,1,Check-Out,27-10-2016
Resort Hotel,0,4,2017,April,15,14,1,2,2,0,0,HB,PRT,Offline TA/TO,TA/TO,0,0,0,E,E,3,No Deposit,181,,0,Transient-Party,148.1,0,0,Check-Out,17-04-2017
Resort Hotel,0,13,2016,November,46,7,1,4,2,0,0,BB,USA,Offline TA/TO,TA/TO,0,0,0,D,E,1,No Deposit,6,,0,Transient,37,0,0,Check-Out,12-11-2016
Resort Hotel,0,169,2016,April,16,16,2,4,3,0,0,HB,FRA,Offline TA/TO,TA/TO,0,0,0,A,C,1,No Deposit,196,,0,Transient,80.1,0,1,Check-Out,22-04-2016
City Hotel,1,215,2016,November,49,30,0,4,0,2,0,BB,ROU,Online TA,TA/TO,0,0,0,B,B,0,No Deposit,9,,0,Transient,67.26,0,0,Canceled,03-08-2016
City Hotel,0,209,2016,August,34,16,0,4,2,0,0,BB,MOZ,Online TA,TA/TO,0,0,0,A,A,3,No Deposit,9,,0,Transient-Party,90.95,0,1,Check-Out,20-08-2016
City Hotel,0,30,2017,April,13,1,1,1,2,0,0,BB,BRA,Online TA,TA/TO,0,0,0,D,D,0,No Deposit,9,,0,Transient,150,0,0,Check-Out,03-04-2017
City Hotel,0,228,2016,October,45,30,2,1,2,0,0,BB,DEU,Online TA,TA/TO,0,0,0,A,A,0,No Deposit,9,,0,Transient,93.3,0,0,Check-Out,02-11-2016
City Hotel,0,20,2016,January,5,29,1,2,2,0,0,BB,ITA,Online TA,TA/TO,0,0,0,D,D,0,No Deposit,9,,0,Transient,99,0,1,Check-Out,01-02-2016
Resort Hotel,0,169,2016,March,14,31,0,3,2,0,0,BB,GBR,Groups,Direct,0,0,0,A,A,1,Refundable,,223,0,Transient-Party,66,0,0,Check-Out,03-04-2016
City Hotel,0,26,2017,April,17,26,0,2,1,0,0,BB,PRT,Groups,TA/TO,0,0,0,A,A,1,No Deposit,87,,0,Transient-Party,139,0,0,Check-Out,28-04-2017
City Hotel,1,103,2016,October,42,9,1,0,3,0,0,BB,ISR,Online TA,TA/TO,0,0,0,D,D,0,No Deposit,9,,0,Transient,151.2,0,0,Canceled,08-07-2016
City Hotel,0,80,2017,January,1,5,2,4,2,0,0,BB,PRT,Online TA,TA/TO,0,0,0,D,D,0,No Deposit,159,,0,Transient,24.83,0,0,Check-Out,11-01-2017
Resort Hotel,0,0,2016,March,12,17,0,1,1,0,0,BB,PRT,Online TA,TA/TO,0,0,0,A,A,0,No Deposit,314,,0,Transient-Party,34.4,0,0,Check-Out,18-03-2016
Resort Hotel,0,32,2016,April,17,19,0,1,2,0,0,BB,PRT,Corporate,Corporate,0,0,0,A,F,0,No Deposit,,397,0,Transient,59,0,1,Check-Out,20-04-2016
Resort Hotel,0,41,2016,April,17,23,2,3,2,0,0,BB,GBR,Direct,Direct,0,0,0,D,D,3,No Deposit,250,,0,Transient,59.22,0,1,Check-Out,28-04-2016
Resort Hotel,0,151,2015,August,34,22,2,2,2,0,0,BB,PRT,Offline TA/TO,TA/TO,0,0,0,A,A,1,No Deposit,181,,0,Transient-Party,96.3,0,1,Check-Out,26-08-2015
City Hotel,0,245,2017,July,27,4,0,4,2,0,0,SC,DEU,Online TA,TA/TO,0,0,0,A,A,0,No Deposit,7,,0,Transient,65.18,0,1,Check-Out,08-07-2017
Resort Hotel,0,1,2016,August,32,3,0,2,2,0,0,BB,IRL,Direct,Direct,0,0,0,A,C,2,No Deposit,,,0,Transient,201,0,0,Check-Out,05-08-2016
City Hotel,0,4,2016,October,41,7,0,2,2,1,0,BB,ESP,Online TA,TA/TO,0,0,0,A,B,1,No Deposit,83,,0,Transient,151.5,0,0,Check-Out,09-10-2016
City Hotel,1,150,2017,June,24,17,2,3,1,0,0,BB,PRT,Offline TA/TO,TA/TO,0,0,0,A,A,0,Non Refund,,,0,Transient,120,0,0,Canceled,18-01-2017
Resort Hotel,1,42,2017,July,30,26,2,5,2,0,0,BB,PRT,Direct,Direct,0,0,0,D,D,0,No Deposit,,,0,Transient,220,0,2,Canceled,19-06-2017
City Hotel,0,16,2015,September,39,25,2,3,1,0,0,BB,GBR,Groups,TA/TO,0,0,0,A,A,0,No Deposit,1,,0,Transient-Party,170,0,0,Check-Out,30-09-2015
Resort Hotel,0,108,2017,July,28,14,4,10,2,0,0,HB,GBR,Offline TA/TO,TA/TO,0,0,0,A,A,0,No Deposit,40,,0,Contract,134.85,0,0,Check-Out,28-07-2017
City Hotel,0,320,2016,August,34,20,2,1,2,0,0,BB,BEL,Online TA,TA/TO,0,0,0,B,B,0,No Deposit,9,,0,Contract,94.95,0,1,Check-Out,23-08-2016
City Hotel,1,1,2017,March,11,14,0,1,2,0,0,BB,PRT,Direct,Direct,0,0,0,A,A,2,No Deposit,,,0,Transient,65,0,0,Canceled,14-03-2017
City Hotel,0,102,2017,June,26,28,0,2,2,0,0,BB,GBR,Online TA,TA/TO,0,0,0,A,A,1,No Deposit,9,,0,Transient,117,0,2,Check-Out,30-06-2017
Resort Hotel,0,0,2017,February,8,20,1,0,2,0,0,BB,PRT,Direct,Direct,0,0,0,A,A,0,No Deposit,,,0,Transient,50,1,0,Check-Out,21-02-2017
City Hotel,0,9,2017,August,35,28,1,3,2,2,0,BB,ESP,Direct,Direct,0,0,0,E,E,0,No Deposit,14,,0,Transient,210,0,0,Check-Out,01-09-2017
City Hotel,0,15,2017,February,7,14,0,1,2,0,1,HB,PRT,Direct,Direct,0,0,0,A,A,0,No Deposit,14,,0,Transient,259,0,3,Check-Out,15-02-2017
City Hotel,0,100,2016,September,40,28,0,4,2,0,0,HB,ITA,Offline TA/TO,TA/TO,0,0,0,A,B,1,No Deposit,26,,0,Transient-Party,140,0,1,Check-Out,02-10-2016
City Hotel,0,0,2017,June,25,21,0,1,1,0,0,BB,PRT,Complementary,Direct,1,4,16,E,C,0,No Deposit,,45,0,Transient,0,0,3,Check-Out,22-06-2017
Resort Hotel,0,1,2015,September,38,16,0,1,1,0,0,BB,PRT,Corporate,Direct,0,0,0,A,A,0,No Deposit,,72,0,Transient,75,0,0,Check-Out,17-09-2015
City Hotel,1,300,2016,November,46,11,0,2,2,0,0,BB,PRT,Groups,TA/TO,0,0,0,A,A,0,Non Refund,1,,0,Transient,65,0,0,Canceled,14-03-2016
Resort Hotel,1,98,2016,May,22,23,1,4,2,0,0,BB,PRT,Online TA,TA/TO,0,0,0,D,D,0,No Deposit,240,,0,Transient,73,0,0,Canceled,04-03-2016
City Hotel,0,32,2016,August,34,14,1,0,2,1,0,BB,NLD,Online TA,TA/TO,0,0,0,D,D,0,No Deposit,7,,0,Transient,136.52,0,1,Check-Out,15-08-2016
City Hotel,0,43,2015,October,44,31,2,1,2,0,0,BB,FRA,Offline TA/TO,TA/TO,0,0,0,D,D,0,No Deposit,28,,0,Transient,65,0,0,Check-Out,03-11-2015
City Hotel,1,374,2015,October,44,26,1,1,2,0,0,BB,PRT,Groups,TA/TO,0,1,0,A,A,0,Non Refund,1,,0,Contract,62,0,0,Canceled,01-01-2015
City Hotel,0,21,2016,April,16,13,0,1,2,0,0,SC,DEU,Online TA,TA/TO,0,0,0,A,A,0,No Deposit,10,,0,Transient,119,0,0,Check-Out,14-04-2016
Resort Hotel,1,19,2017,February,8,25,1,1,2,0,0,BB,ESP,Online TA,TA/TO,0,0,0,D,D,0,No Deposit,240,,0,Transient,62,0,3,Canceled,12-02-2017
City Hotel,0,198,2017,August,31,2,1,4,2,0,0,BB,GBR,Offline TA/TO,TA/TO,0,0,0,E,E,0,No Deposit,28,,0,Transient,103.5,0,1,Check-Out,07-08-2017
City Hotel,0,14,2017,July,29,18,0,2,1,0,0,BB,AUT,Online TA,TA/TO,0,0,0,A,A,0,No Deposit,8,,0,Transient,150,0,1,Check-Out,20-07-2017
City Hotel,0,198,2017,June,22,2,2,2,2,0,0,BB,AUT,Online TA,TA/TO,0,0,0,D,D,0,No Deposit,9,,0,Transient,157.5,0,2,Check-Out,06-06-2017
Resort Hotel,1,17,2015,December,50,11,0,2,2,0,0,BB,PRT,Offline TA/TO,TA/TO,0,1,0,D,D,0,No Deposit,15,,0,Transient,37,0,1,Canceled,27-11-2015
Resort Hotel,0,20,2016,January,2,4,2,5,2,0,0,BB,FRA,Online TA,TA/TO,0,0,0,E,E,0,No Deposit,240,,0,Transient,52.8,0,2,Check-Out,11-01-2016
City Hotel,0,1,2016,June,27,29,0,3,2,2,0,BB,ITA,Online TA,TA/TO,0,0,0,G,G,0,No Deposit,7,,0,Transient,209.1,0,2,Check-Out,02-07-2016
City Hotel,1,64,2016,May,22,27,0,2,2,0,0,BB,GBR,Online TA,TA/TO,0,0,0,D,D,0,No Deposit,9,,0,Transient,140.4,0,0,Canceled,31-03-2016
Resort Hotel,0,0,2015,October,42,14,0,1,1,0,0,BB,,Corporate,Corporate,0,0,1,A,D,0,No Deposit,,135,0,Transient,48,1,1,Check-Out,15-10-2015
City Hotel,1,16,2016,March,13,25,1,2,2,1,0,BB,ESP,Online TA,TA/TO,0,0,0,A,A,0,No Deposit,9,,0,Transient,165.67,0,0,Canceled,09-03-2016
Resort Hotel,1,36,2017,January,1,2,3,7,2,0,0,BB,GBR,Online TA,TA/TO,0,0,0,A,A,0,No Deposit,240,,0,Transient,42,0,2,Canceled,22-12-2016
Resort Hotel,0,15,2017,February,6,11,2,1,2,0,1,BB,PRT,Online TA,TA/TO,0,0,0,D,D,1,No Deposit,240,,0,Transient,65,1,2,Check-Out,14-02-2017
City Hotel,1,41,2017,March,13,31,2,4,1,0,0,BB,GBR,Online TA,TA/TO,0,0,0,D,D,0,No Deposit,9,,0,Transient,138.13,0,0,Canceled,07-03-2017
City Hotel,1,52,2017,August,33,18,1,2,2,0,0,HB,NLD,Online TA,TA/TO,0,0,0,D,D,0,No Deposit,9,,0,Transient,208,0,1,Canceled,30-06-2017
City Hotel,0,6,2016,November,46,10,0,1,1,0,0,BB,PRT,Corporate,Corporate,0,0,0,A,A,0,No Deposit,,243,0,Transient,109.65,0,0,Check-Out,11-11-2016
Resort Hotel,0,120,2015,December,49,4,2,2,2,0,0,BB,ESP,Online TA,TA/TO,0,0,0,A,E,0,No Deposit,240,,0,Transient,32.4,0,1,Check-Out,08-12-2015
Resort Hotel,1,32,2017,March,10,10,2,3,2,0,0,BB,POL,Direct,Direct,0,0,0,G,G,0,No Deposit,250,,0,Transient,97,0,0,Canceled,07-02-2017
City Hotel,0,8,2017,March,12,23,0,1,1,0,0,BB,ESP,Online TA,TA/TO,0,0,0,A,A,1,No Deposit,10,,0,Transient,80,0,0,Check-Out,24-03-2017
City Hotel,1,97,2015,October,41,5,1,3,1,0,0,BB,PRT,Groups,TA/TO,0,0,0,A,A,0,Non Refund,29,,0,Transient,140,0,0,Canceled,03-07-2015
Resort Hotel,1,211,2017,August,33,19,2,5,2,0,0,BB,PRT,Online TA,TA/TO,0,0,0,A,A,0,No Deposit,240,,0,Transient,203.75,0,1,Canceled,08-07-2017
Resort Hotel,0,17,2016,October,41,7,0,2,2,2,0,BB,USA,Online TA,TA/TO,0,0,0,G,G,0,No Deposit,240,,0,Transient,161,1,0,Check-Out,09-10-2016
City Hotel,0,38,2015,September,38,14,2,5,2,0,0,BB,BEL,Online TA,TA/TO,0,0,0,A,A,0,No Deposit,9,,0,Contract,101.83,0,1,Check-Out,21-09-2015
Resort Hotel,0,26,2016,December,50,4,2,2,2,0,0,BB,FRA,Offline TA/TO,TA/TO,0,0,0,E,E,0,No Deposit,8,,0,Transient,50,0,0,Check-Out,08-12-2016
City Hotel,0,29,2016,October,41,5,1,4,2,0,0,BB,POL,Online TA,TA/TO,0,0,0,D,D,0,No Deposit,9,,0,Transient,161,0,2,Check-Out,10-10-2016
Resort Hotel,0,25,2017,July,28,13,0,2,2,0,0,BB,BRA,Online TA,TA/TO,0,0,0,A,A,0,No Deposit,240,,0,Transient,144,0,1,Check-Out,15-07-2017
Resort Hotel,0,245,2016,September,40,26,3,7,2,0,0,HB,CN,Groups,TA/TO,0,0,0,A,A,0,No Deposit,15,,0,Transient-Party,82,0,0,Check-Out,06-10-2016
City Hotel,1,451,2016,May,21,16,1,2,2,0,0,BB,PRT,Groups,TA/TO,0,0,0,A,A,0,Non Refund,1,,0,Transient,60,0,0,Canceled,14-03-2016
City Hotel,1,297,2015,August,33,10,1,1,2,0,0,BB,PRT,Groups,TA/TO,0,1,0,A,A,0,Non Refund,1,,0,Transient-Party,62,0,0,Canceled,02-07-2015
Resort Hotel,0,24,2016,January,5,28,2,5,1,0,0,BB,DEU,Offline TA/TO,TA/TO,0,0,0,A,A,0,No Deposit,171,,0,Transient,25,0,0,Check-Out,04-02-2016
Resort Hotel,0,8,2015,September,39,25,0,2,2,0,0,HB,ESP,Online TA,TA/TO,0,0,0,E,E,1,No Deposit,240,,0,Transient,136.5,0,1,Check-Out,27-09-2015
City Hotel,0,109,2017,April,17,28,2,2,2,0,0,SC,SWE,Online TA,TA/TO,0,0,0,A,A,0,No Deposit,9,,0,Transient,101.25,0,0,Check-Out,02-05-2017
City Hotel,1,129,2017,June,22,2,1,2,2,0,0,BB,PRT,Groups,TA/TO,0,0,0,A,A,0,Non Refund,154,,0,Transient,130,0,0,Canceled,24-01-2017
City Hotel,0,188,2016,September,39,22,0,2,2,0,0,BB,FIN,Online TA,TA/TO,0,0,0,A,A,0,No Deposit,9,,0,Transient,135.9,1,2,Check-Out,24-09-2016
City Hotel,0,99,2017,April,15,12,0,2,2,0,0,BB,GBR,Online TA,TA/TO,0,0,0,A,A,0,No Deposit,9,,0,Transient,130.5,1,0,Check-Out,14-04-2017
Resort Hotel,0,6,2017,July,28,14,2,5,2,0,0,HB,ESP,Online TA,TA/TO,0,0,0,F,F,0,No Deposit,242,,0,Transient,239.66,0,1,Check-Out,21-07-2017
City Hotel,0,256,2016,August,36,31,0,4,2,0,0,BB,DEU,Online TA,TA/TO,0,0,0,A,A,0,No Deposit,9,,0,Transient-Party,90.95,0,0,Check-Out,04-09-2016
Resort Hotel,0,322,2016,June,26,22,0,3,2,0,0,HB,POL,Groups,Direct,0,0,0,A,A,0,No Deposit,,,75,Transient-Party,92,0,0,Check-Out,25-06-2016
Resort Hotel,0,6,2016,February,9,21,2,0,1,0,0,BB,ESP,Online TA,TA/TO,0,0,0,A,D,0,No Deposit,240,,0,Transient,43,0,1,Check-Out,23-02-2016
City Hotel,0,34,2017,January,3,18,0,1,1,0,0,BB,ESP,Groups,TA/TO,0,0,0,A,A,0,No Deposit,19,,0,Transient-Party,75,0,0,Check-Out,19-01-2017
Resort Hotel,0,7,2016,March,13,21,1,0,2,0,0,BB,PRT,Offline TA/TO,TA/TO,0,0,0,A,A,0,No Deposit,177,,0,Transient,29,0,1,Check-Out,22-03-2016
City Hotel,1,57,2017,August,33,15,0,4,2,0,0,BB,ITA,Online TA,TA/TO,0,0,0,A,A,0,No Deposit,9,,0,Transient,160,0,1,Canceled,21-06-2017
City Hotel,1,119,2017,May,19,11,0,3,2,0,0,BB,FRA,Online TA,TA/TO,0,0,0,D,D,0,No Deposit,9,,0,Transient,148.8,0,1,Canceled,13-04-2017
City Hotel,0,45,2017,August,33,16,0,3,3,0,0,BB,AUT,Online TA,TA/TO,0,0,0,D,D,0,No Deposit,83,,0,Transient,139.4,0,0,Check-Out,19-08-2017
Resort Hotel,1,111,2015,August,32,5,0,4,2,0,0,BB,PRT,Online TA,TA/TO,0,0,0,D,D,1,No Deposit,240,,0,Transient,154,0,1,Canceled,15-06-2015
City Hotel,1,98,2016,November,48,26,1,1,2,0,0,SC,IRL,Online TA,TA/TO,0,0,0,A,A,0,No Deposit,9,,0,Transient,79.2,0,2,Canceled,23-08-2016
City Hotel,0,121,2017,April,15,15,1,1,2,0,0,BB,AUS,Offline TA/TO,TA/TO,0,0,0,A,A,1,No Deposit,85,,0,Transient,89.1,0,1,Check-Out,17-04-2017
City Hotel,1,322,2016,December,50,9,0,2,2,0,0,BB,PRT,Offline TA/TO,TA/TO,0,0,0,A,A,0,Non Refund,20,,0,Transient,52,0,0,Canceled,15-03-2016
City Hotel,1,335,2015,September,38,17,0,1,1,0,0,BB,PRT,Offline TA/TO,TA/TO,0,1,0,A,A,0,Non Refund,5,,0,Transient,75,0,0,Canceled,14-05-2015
Resort Hotel,0,287,2015,October,42,15,2,6,2,0,0,BB,BEL,Groups,Corporate,0,0,0,A,A,2,No Deposit,,223,0,Transient-Party,44.5,0,0,Check-Out,23-10-2015
City Hotel,0,72,2015,December,52,24,0,3,2,0,1,BB,ESP,Direct,Direct,0,0,0,A,A,1,No Deposit,14,,0,Transient,85.5,0,1,Check-Out,27-12-2015
Resort Hotel,0,0,2015,December,51,16,0,1,1,0,0,BB,PRT,Corporate,Corporate,0,0,0,A,A,0,No Deposit,,286,0,Transient,38,0,0,Check-Out,17-12-2015
Resort Hotel,0,0,2015,November,46,12,0,1,1,0,0,BB,PRT,Corporate,Corporate,1,0,1,A,F,0,No Deposit,47,,0,Transient,35,0,0,Check-Out,13-11-2015
City Hotel,0,3,2016,June,26,22,0,2,2,0,0,SC,DEU,Online TA,TA/TO,0,0,0,A,A,0,No Deposit,7,,0,Transient,87.01,0,1,Check-Out,24-06-2016
City Hotel,0,210,2016,August,35,25,0,1,3,1,0,BB,PRT,Direct,Direct,0,0,0,E,E,0,No Deposit,,,0,Transient,180.9,1,2,Check-Out,26-08-2016
City Hotel,0,11,2017,May,20,17,0,4,2,0,0,BB,FRA,Online TA,TA/TO,0,0,0,D,D,0,No Deposit,9,,0,Transient,170,0,1,Check-Out,21-05-2017
City Hotel,0,111,2017,April,14,3,1,1,2,0,0,BB,ISR,Groups,TA/TO,0,0,0,A,A,0,No Deposit,37,,0,Transient-Party,95,0,1,Check-Out,05-04-2017
City Hotel,1,84,2017,June,23,10,2,1,3,0,0,BB,ITA,Online TA,TA/TO,0,0,0,D,D,0,No Deposit,9,,0,Transient,189,0,0,Canceled,27-05-2017
City Hotel,0,10,2017,February,7,12,2,1,2,0,0,BB,IND,Online TA,TA/TO,0,0,0,A,A,0,No Deposit,9,,0,Transient,108,0,1,Check-Out,15-02-2017
Resort Hotel,1,21,2015,August,34,22,0,1,2,0,0,BB,PRT,Direct,Direct,0,0,0,A,C,0,No Deposit,,,0,Transient,172,0,0,Canceled,19-08-2015
Resort Hotel,0,65,2015,September,38,16,0,3,1,0,0,BB,PRT,Direct,Direct,0,0,0,A,A,0,No Deposit,250,,0,Transient,74,0,2,Check-Out,19-09-2015
City Hotel,0,143,2016,May,23,29,2,3,2,0,0,BB,SWE,Online TA,TA/TO,0,0,0,A,A,0,No Deposit,9,,0,Transient-Party,99.79,0,0,Check-Out,03-06-2016
City Hotel,0,136,2016,June,24,9,0,3,2,0,0,BB,CHE,Direct,Direct,0,0,0,A,A,1,No Deposit,,,0,Transient,103.68,0,2,Check-Out,12-06-2016
City Hotel,0,1,2015,August,32,8,2,3,2,0,0,BB,NLD,Online TA,TA/TO,0,0,0,A,A,0,No Deposit,9,,0,Transient,98,0,0,Check-Out,13-08-2015
City Hotel,1,7,2016,March,10,2,0,2,1,0,0,BB,PRT,Offline TA/TO,TA/TO,0,0,0,D,D,1,No Deposit,214,,0,Transient,56,0,0,Canceled,01-03-2016
City Hotel,0,1,2016,April,17,21,0,2,2,0,0,BB,AUT,Online TA,TA/TO,0,0,0,A,A,0,No Deposit,9,,0,Transient,125,1,1,Check-Out,23-04-2016
Resort Hotel,0,103,2016,February,7,10,0,2,2,0,0,BB,NLD,Online TA,TA/TO,0,0,0,E,E,0,No Deposit,240,,0,Transient,61.2,1,0,Check-Out,12-02-2016
City Hotel,0,0,2017,January,2,9,1,3,2,0,0,BB,BRA,Online TA,TA/TO,0,0,0,A,D,0,No Deposit,9,,0,Transient,82.99,0,0,Check-Out,13-01-2017
Resort Hotel,1,246,2015,September,36,5,2,5,2,0,0,BB,,Offline TA/TO,TA/TO,0,1,0,A,A,0,No Deposit,96,,0,Transient-Party,58.95,0,0,Canceled,17-06-2015
City Hotel,1,17,2015,October,41,5,1,3,2,0,0,BB,PRT,Direct,Direct,0,1,0,D,D,0,No Deposit,14,,0,Transient,126,0,0,Canceled,25-09-2015
Resort Hotel,1,69,2016,March,13,24,2,7,2,0,0,BB,PRT,Online TA,TA/TO,0,0,0,D,D,0,No Deposit,240,,0,Transient,64,0,0,Canceled,09-03-2016
City Hotel,1,443,2016,April,18,29,0,1,1,0,0,BB,PRT,Offline TA/TO,TA/TO,0,0,0,A,A,0,Non Refund,3,,0,Transient,60,0,0,Canceled,19-01-2016
City Hotel,0,126,2016,November,45,5,1,1,2,0,0,SC,CHE,Online TA,TA/TO,0,0,0,A,A,2,No Deposit,9,,0,Transient,79.2,0,0,Check-Out,07-11-2016
Resort Hotel,0,1,2017,April,14,6,0,1,2,0,0,BB,PRT,Online TA,TA/TO,1,0,5,E,E,0,No Deposit,240,,0,Transient,115,0,1,Check-Out,07-04-2017
Resort Hotel,0,57,2015,August,35,29,0,1,2,0,0,HB,PRT,Online TA,TA/TO,0,0,0,A,A,0,No Deposit,240,,0,Transient,164,0,0,Check-Out,30-08-2015
City Hotel,0,91,2016,April,15,9,1,1,2,0,0,SC,NLD,Online TA,TA/TO,0,0,0,A,A,0,No Deposit,7,,0,Transient,58.9,0,1,Check-Out,11-04-2016
City Hotel,1,116,2016,February,10,28,2,1,1,0,0,BB,PRT,Offline TA/TO,TA/TO,0,0,0,A,A,0,No Deposit,134,,0,Transient-Party,61,0,0,No-Show,28-02-2016
City Hotel,1,77,2017,April,17,25,0,4,2,0,0,BB,FRA,Online TA,TA/TO,0,0,0,D,D,0,No Deposit,9,,0,Transient,135,0,0,Canceled,07-02-2017
Resort Hotel,1,223,2017,June,23,6,6,15,2,0,0,BB,PRT,Offline TA/TO,TA/TO,0,0,0,D,D,0,No Deposit,40,,0,Contract,93.5,0,0,Canceled,06-12-2016
City Hotel,0,150,2016,July,28,8,1,2,3,0,0,BB,DEU,Offline TA/TO,TA/TO,0,0,0,A,A,0,No Deposit,22,,0,Transient-Party,96.9,0,0,Check-Out,11-07-2016
Resort Hotel,0,160,2017,August,33,17,2,4,2,0,0,HB,FRA,Offline TA/TO,TA/TO,0,0,0,E,E,0,No Deposit,3,,0,Transient,196.3,0,1,Check-Out,23-08-2017
Resort Hotel,0,6,2016,May,20,11,0,0,2,0,0,BB,PRT,Corporate,Corporate,0,0,0,E,I,0,No Deposit,,110,0,Transient,0,0,0,Check-Out,11-05-2016
Resort Hotel,1,32,2016,August,35,27,2,3,2,0,0,BB,ESP,Direct,Direct,0,0,0,E,E,0,No Deposit,250,,0,Transient,209,0,1,Canceled,18-08-2016
City Hotel,0,0,2016,June,24,8,0,1,1,0,0,BB,ESP,Direct,Direct,0,0,0,A,A,0,No Deposit,,,0,Transient,92.65,0,0,Check-Out,09-06-2016
Resort Hotel,0,5,2015,November,45,1,1,0,2,0,0,HB,ESP,Offline TA/TO,TA/TO,0,0,0,A,A,0,No Deposit,196,,0,Transient,55,0,0,Check-Out,02-11-2015
Resort Hotel,1,203,2017,July,30,26,2,9,2,0,0,BB,DEU,Online TA,TA/TO,0,0,0,A,A,0,No Deposit,240,,0,Transient,156.34,0,1,Canceled,25-01-2017
City Hotel,0,95,2016,October,45,30,2,0,1,0,0,BB,BRA,Online TA,TA/TO,0,0,0,A,A,0,No Deposit,9,,0,Transient,85.5,0,1,Check-Out,01-11-2016
Resort Hotel,0,68,2016,July,29,15,0,2,2,0,0,BB,ESP,Online TA,TA/TO,0,0,0,A,A,0,No Deposit,240,,0,Transient,172,0,1,Check-Out,17-07-2016
City Hotel,0,14,2017,April,17,28,2,2,2,0,0,BB,GBR,Direct,Direct,0,0,0,A,A,0,No Deposit,14,,0,Transient,99,0,0,Check-Out,02-05-2017
City Hotel,0,7,2016,May,21,16,1,0,2,0,0,SC,PRT,Online TA,TA/TO,0,0,0,A,A,0,No Deposit,9,,0,Transient,89,0,0,Check-Out,17-05-2016
Resort Hotel,0,152,2017,April,14,5,1,4,2,1,0,BB,GBR,Groups,TA/TO,0,0,0,D,F,3,No Deposit,,223,0,Transient-Party,60,0,1,Check-Out,10-04-2017
City Hotel,1,104,2015,December,49,3,0,3,2,0,0,BB,PRT,Offline TA/TO,TA/TO,0,0,0,A,A,0,Non Refund,55,,0,Transient,75,0,0,Canceled,07-09-2015
City Hotel,0,5,2016,September,39,18,2,0,2,0,0,SC,GBR,Offline TA/TO,TA/TO,0,0,0,A,A,0,No Deposit,15,,0,Transient,123.7,0,0,Check-Out,20-09-2016
City Hotel,1,545,2017,January,1,5,0,2,2,0,0,BB,PRT,Groups,TA/TO,0,0,0,A,A,0,Non Refund,1,,0,Transient,62,0,0,Canceled,21-10-2015
City Hotel,1,57,2017,April,16,21,0,2,2,0,0,BB,CHE,Direct,Direct,0,0,0,F,F,0,No Deposit,14,,0,Transient,225,0,0,Canceled,21-04-2017
Resort Hotel,1,244,2015,September,36,3,0,3,2,0,0,BB,PRT,Offline TA/TO,TA/TO,0,19,0,A,A,0,Non Refund,,,0,Transient,36,0,0,Canceled,29-04-2015
Resort Hotel,0,46,2016,October,44,26,2,5,2,0,0,BB,GBR,Direct,Direct,0,0,0,A,A,0,No Deposit,250,,0,Transient,43.89,0,0,Check-Out,02-11-2016
City Hotel,1,437,2016,May,19,2,1,2,2,0,0,BB,PRT,Groups,TA/TO,0,0,0,A,A,0,Non Refund,1,,0,Transient,60,0,0,Canceled,14-03-2016
City Hotel,1,166,2016,November,45,1,0,3,1,0,0,BB,PRT,Offline TA/TO,TA/TO,0,0,0,A,A,0,Non Refund,236,,0,Transient,110,0,0,Canceled,13-07-2016
City Hotel,1,184,2017,May,18,1,1,2,2,0,0,SC,RUS,Online TA,TA/TO,0,0,0,A,A,0,No Deposit,9,,0,Transient,99,0,0,Canceled,29-10-2016
Resort Hotel,1,55,2015,July,29,12,4,10,2,10,0,BB,PRT,Offline TA/TO,TA/TO,0,0,0,D,D,2,No Deposit,8,,0,Contract,133.16,0,1,No-Show,12-07-2015
City Hotel,1,59,2016,May,21,19,0,1,1,0,0,BB,AGO,Online TA,TA/TO,0,0,0,A,A,0,No Deposit,9,,0,Transient,121.5,0,0,Canceled,23-03-2016
City Hotel,0,109,2016,July,29,11,1,3,2,0,0,BB,GBR,Online TA,TA/TO,0,0,0,A,A,0,No Deposit,9,,0,Transient,107.55,0,1,Check-Out,15-07-2016
Resort Hotel,0,0,2016,March,10,3,0,3,2,0,0,BB,PRT,Online TA,TA/TO,0,0,0,D,D,0,No Deposit,240,,0,Transient,58,0,2,Check-Out,06-03-2016
City Hotel,1,89,2015,October,40,3,2,2,2,0,0,BB,PRT,Groups,TA/TO,0,0,0,A,A,0,Non Refund,1,,0,Transient,62,0,0,Canceled,09-09-2015
City Hotel,0,10,2016,September,39,19,1,1,1,0,0,BB,PRT,Corporate,Corporate,1,0,1,A,A,0,No Deposit,,221,0,Transient,104,0,0,Check-Out,21-09-2016
City Hotel,1,50,2016,January,5,29,1,2,1,0,0,BB,TUR,Online TA,TA/TO,0,0,0,A,A,0,No Deposit,9,,0,Transient,72.9,0,0,Canceled,23-12-2015
Resort Hotel,0,299,2017,June,26,25,2,5,2,0,0,BB,GBR,Offline TA/TO,TA/TO,0,0,0,A,A,1,No Deposit,177,,0,Transient,76.7,0,0,Check-Out,02-07-2017
City Hotel,1,123,2017,August,32,7,1,1,2,0,0,SC,DEU,Online TA,TA/TO,0,0,0,A,A,0,No Deposit,9,,0,Transient,125,0,1,Canceled,06-04-2017
City Hotel,0,434,2017,June,22,3,2,1,2,0,0,BB,GBR,Groups,TA/TO,0,0,0,A,A,0,No Deposit,229,,0,Transient-Party,112.67,0,2,Check-Out,06-06-2017
City Hotel,0,2,2017,August,34,24,0,1,2,0,0,BB,MEX,Groups,TA/TO,0,0,0,A,A,0,No Deposit,147,,0,Transient-Party,140,0,1,Check-Out,25-08-2017
City Hotel,0,121,2016,August,34,18,2,3,3,0,0,BB,FRA,Online TA,TA/TO,0,0,0,D,D,0,No Deposit,9,,0,Transient,139.5,0,2,Check-Out,23-08-2016
Resort Hotel,0,195,2017,August,31,3,2,5,2,1,1,BB,PRT,Direct,Direct,0,0,0,D,D,1,No Deposit,250,,0,Transient,182.16,0,2,Check-Out,10-08-2017
Resort Hotel,1,114,2016,July,30,21,2,3,2,0,0,BB,USA,Online TA,TA/TO,0,0,0,E,E,1,No Deposit,240,,0,Transient,207,0,0,Canceled,21-06-2016
City Hotel,0,0,2016,January,5,29,0,1,2,0,0,BB,PRT,Direct,Direct,0,0,0,D,D,0,No Deposit,,,0,Transient,95,0,0,Check-Out,30-01-2016
Resort Hotel,0,45,2016,August,33,11,0,3,2,0,0,BB,FRA,Online TA,TA/TO,0,0,0,A,A,0,No Deposit,240,,0,Transient,213,0,1,Check-Out,14-08-2016
City Hotel,0,9,2016,July,29,14,0,2,2,0,0,BB,PRT,Online TA,TA/TO,0,0,0,D,D,0,No Deposit,9,,0,Transient,166,0,0,Check-Out,16-07-2016
City Hotel,0,17,2017,May,18,5,1,2,2,0,0,SC,FRA,Online TA,TA/TO,0,0,0,A,A,0,No Deposit,9,,0,Transient,99,0,0,Check-Out,08-05-2017
Resort Hotel,1,12,2015,September,37,6,1,0,2,0,0,BB,PRT,Online TA,TA/TO,0,0,0,C,C,0,No Deposit,242,,0,Transient,123,0,1,Canceled,25-08-2015
Resort Hotel,1,213,2016,May,21,16,1,1,2,0,0,HB,PRT,Groups,TA/TO,0,0,0,A,A,0,No Deposit,298,,0,Transient-Party,85,0,0,Canceled,19-04-2016
City Hotel,0,14,2016,April,16,13,0,1,2,0,0,HB,PRT,Groups,TA/TO,0,0,0,A,A,0,No Deposit,1,,0,Transient-Party,90,0,1,Check-Out,14-04-2016
City Hotel,0,7,2017,April,15,14,1,2,2,0,0,BB,GBR,Direct,Direct,0,0,0,A,A,0,No Deposit,14,,0,Transient-Party,156.67,0,0,Check-Out,17-04-2017
City Hotel,1,265,2016,October,42,9,2,3,2,0,0,BB,DEU,Online TA,TA/TO,0,0,0,A,A,0,No Deposit,9,,0,Transient,100.3,0,0,Canceled,03-07-2016
City Hotel,1,310,2017,July,27,6,1,3,2,0,0,SC,ESP,Online TA,TA/TO,0,0,0,A,A,0,No Deposit,9,,0,Transient,89.1,0,2,Canceled,03-01-2017
City Hotel,1,372,2016,July,29,14,0,2,2,0,0,BB,PRT,Groups,TA/TO,0,0,0,A,A,0,Non Refund,1,,0,Transient,62,0,0,Canceled,21-10-2015
City Hotel,0,282,2015,October,41,10,2,1,2,0,0,BB,FIN,Offline TA/TO,TA/TO,0,0,0,A,A,0,No Deposit,21,,0,Transient-Party,76.67,0,0,Check-Out,13-10-2015
City Hotel,0,35,2017,March,10,7,0,5,2,0,0,BB,BRA,Offline TA/TO,TA/TO,0,0,0,A,A,0,No Deposit,52,,0,Transient,68,0,1,Check-Out,12-03-2017
City Hotel,0,0,2017,June,22,1,0,1,1,0,0,BB,CN,Direct,Direct,0,0,0,A,A,0,No Deposit,,,0,Transient,130,0,0,Check-Out,02-06-2017
City Hotel,1,358,2016,June,27,30,0,2,2,0,0,BB,PRT,Groups,TA/TO,0,0,0,A,A,0,Non Refund,1,,0,Transient,62,0,0,Canceled,21-10-2015
City Hotel,0,197,2016,August,32,1,1,1,2,0,0,SC,NLD,Online TA,TA/TO,0,0,0,A,A,0,No Deposit,9,,0,Transient-Party,85.5,0,1,Check-Out,03-08-2016
City Hotel,0,39,2016,August,33,13,2,3,2,0,0,HB,ESP,Online TA,TA/TO,0,0,0,A,A,0,No Deposit,9,,0,Transient,170.1,0,2,Check-Out,18-08-2016
City Hotel,0,12,2016,October,42,10,1,0,2,0,0,BB,ESP,Groups,Direct,0,0,0,A,A,0,No Deposit,,,0,Transient,130,0,0,Check-Out,11-10-2016
Resort Hotel,0,14,2017,June,23,10,0,1,2,0,0,BB,IRL,Offline TA/TO,TA/TO,0,0,0,E,E,0,No Deposit,8,,0,Transient,93,0,0,Check-Out,11-06-2017
City Hotel,0,153,2016,August,32,1,1,0,2,0,1,BB,FRA,Online TA,TA/TO,0,0,0,A,A,3,No Deposit,9,,0,Transient,105.3,0,2,Check-Out,02-08-2016
City Hotel,0,106,2017,August,33,13,2,3,3,0,0,BB,FRA,Online TA,TA/TO,0,0,0,D,D,1,No Deposit,9,,0,Transient,195,0,1,Check-Out,18-08-2017
City Hotel,1,76,2017,March,13,29,2,4,2,0,0,BB,AUT,Online TA,TA/TO,0,0,0,E,E,0,No Deposit,9,,0,Transient,143.1,0,0,Canceled,06-02-2017
City Hotel,0,69,2016,May,19,7,2,1,1,1,0,BB,PRT,Online TA,TA/TO,0,0,0,F,F,0,No Deposit,9,,0,Transient-Party,198.9,0,0,Check-Out,10-05-2016
Resort Hotel,1,96,2016,August,32,5,0,2,2,0,0,HB,BRA,Online TA,TA/TO,0,0,0,A,A,0,No Deposit,240,,0,Transient,221,0,0,Canceled,12-07-2016
City Hotel,1,40,2015,August,33,15,2,2,2,0,0,BB,PRT,Groups,TA/TO,0,0,0,A,A,0,No Deposit,1,,0,Transient-Party,62,0,0,Canceled,06-08-2015
City Hotel,0,12,2017,May,19,7,4,8,2,0,0,BB,GRC,Online TA,TA/TO,0,0,0,D,D,0,No Deposit,7,,0,Transient,146,0,1,Check-Out,19-05-2017
Resort Hotel,0,39,2016,November,46,6,2,5,2,0,0,HB,GBR,Offline TA/TO,TA/TO,0,0,0,A,A,0,No Deposit,40,,0,Transient,61.58,0,0,Check-Out,13-11-2016
City Hotel,1,102,2017,May,19,7,2,0,2,0,0,SC,KOR,Online TA,TA/TO,0,0,0,A,A,0,No Deposit,9,,0,Transient,108,0,0,Canceled,10-02-2017
City Hotel,1,54,2017,January,3,18,0,3,2,0,0,BB,PRT,Offline TA/TO,TA/TO,0,0,0,A,A,0,Non Refund,171,,0,Transient,65,0,0,Canceled,25-11-2016
Resort Hotel,0,0,2016,July,31,26,0,2,2,0,0,BB,CN,Direct,Direct,0,0,0,G,G,0,No Deposit,250,,0,Transient,249,0,0,Check-Out,28-07-2016
City Hotel,1,122,2016,March,14,27,2,1,2,0,0,HB,PRT,Offline TA/TO,TA/TO,0,0,0,A,A,0,No Deposit,26,,0,Transient-Party,107,0,1,Canceled,27-03-2016
City Hotel,0,24,2016,December,50,5,1,4,2,1,0,BB,FIN,Online TA,TA/TO,0,0,0,A,A,0,No Deposit,7,,0,Transient,78.15,0,1,Check-Out,10-12-2016
City Hotel,0,465,2017,July,30,26,0,3,2,0,0,BB,GBR,Offline TA/TO,TA/TO,0,0,0,A,A,0,No Deposit,229,,0,Transient-Party,112.67,0,1,Check-Out,29-07-2017
City Hotel,0,118,2016,June,24,6,1,2,1,0,0,BB,SWE,Offline TA/TO,Corporate,0,0,0,A,A,0,No Deposit,191,,0,Transient-Party,110,0,0,Check-Out,09-06-2016
City Hotel,0,22,2016,August,32,1,1,3,2,1,0,BB,HUN,Online TA,TA/TO,0,0,0,A,A,0,No Deposit,9,,0,Transient,159,1,1,Check-Out,05-08-2016
City Hotel,0,28,2016,May,21,19,0,2,2,0,0,BB,PRT,Corporate,Corporate,0,0,0,A,A,0,No Deposit,,174,0,Transient-Party,100,0,0,Check-Out,21-05-2016
City Hotel,0,141,2016,September,37,5,1,2,3,0,0,BB,DEU,Online TA,TA/TO,0,0,0,D,D,0,No Deposit,9,,0,Transient,168.3,1,2,Check-Out,08-09-2016
City Hotel,0,140,2017,April,17,28,2,2,2,0,0,BB,FRA,Offline TA/TO,TA/TO,0,0,0,A,A,0,No Deposit,119,,0,Transient-Party,130,0,1,Check-Out,02-05-2017
City Hotel,0,4,2016,July,31,27,0,3,3,0,0,BB,JPN,Online TA,TA/TO,0,0,0,D,D,0,No Deposit,9,,0,Transient,177,1,1,Check-Out,30-07-2016
Resort Hotel,0,8,2016,November,47,19,0,1,2,0,0,BB,,Online TA,TA/TO,0,0,0,A,E,0,No Deposit,241,,0,Transient,47.55,0,2,Check-Out,20-11-2016
City Hotel,1,56,2017,March,10,10,1,2,2,0,0,BB,NLD,Online TA,TA/TO,0,0,0,A,A,0,No Deposit,9,,0,Transient,97.2,0,0,Canceled,14-01-2017
City Hotel,1,274,2015,July,29,18,2,2,2,0,0,BB,PRT,Groups,TA/TO,0,1,0,A,A,0,No Deposit,1,,0,Transient-Party,62,0,0,Canceled,06-07-2015
Resort Hotel,0,114,2017,May,20,18,2,5,2,0,0,HB,GBR,Offline TA/TO,TA/TO,0,0,0,A,A,0,No Deposit,243,,0,Transient,70.95,0,0,Check-Out,25-05-2017
City Hotel,0,265,2016,June,26,24,0,2,2,0,0,HB,PRT,Offline TA/TO,TA/TO,0,0,0,A,D,0,No Deposit,6,,0,Transient-Party,115,0,1,Check-Out,26-06-2016
City Hotel,0,198,2017,August,34,24,1,3,2,0,0,SC,BGR,Online TA,TA/TO,0,0,0,A,A,0,No Deposit,9,,0,Transient,99,0,1,Check-Out,28-08-2017
Resort Hotel,0,246,2016,June,25,17,2,7,2,0,0,BB,GBR,Online TA,TA/TO,0,0,0,A,A,0,No Deposit,240,,0,Transient,72,0,1,Check-Out,26-06-2016
Resort Hotel,0,1,2015,August,32,8,0,1,2,0,0,BB,FRA,Online TA,TA/TO,0,0,0,A,A,0,No Deposit,240,,0,Transient,191,1,2,Check-Out,09-08-2015
Resort Hotel,1,32,2017,April,14,8,2,4,2,0,0,BB,DEU,Online TA,TA/TO,0,0,0,E,E,0,No Deposit,240,,0,Transient,110,0,0,Canceled,28-03-2017
City Hotel,0,11,2017,April,16,17,1,2,2,0,0,SC,LVA,Online TA,TA/TO,0,0,0,A,A,2,No Deposit,9,,0,Transient,100,0,0,Check-Out,20-04-2017
City Hotel,0,42,2016,October,41,2,2,1,2,0,0,BB,GBR,Online TA,TA/TO,0,0,0,A,A,0,No Deposit,7,,0,Transient,97.02,0,1,Check-Out,05-10-2016
City Hotel,1,29,2017,February,8,20,1,3,2,0,0,SC,FRA,Online TA,TA/TO,0,0,0,A,A,0,No Deposit,9,,0,Transient,69.7,0,0,Canceled,23-01-2017
Resort Hotel,0,0,2016,June,23,3,0,2,2,0,0,BB,AUT,Online TA,TA/TO,0,0,0,D,D,0,No Deposit,240,,0,Transient,136,1,1,Check-Out,05-06-2016
Resort Hotel,1,99,2017,August,35,27,2,4,2,0,0,BB,ESP,Online TA,TA/TO,0,0,0,E,E,0,No Deposit,240,,0,Transient,236.67,0,1,Canceled,20-05-2017
City Hotel,0,220,2016,September,38,17,2,1,1,0,0,HB,ITA,Offline TA/TO,TA/TO,0,0,0,A,A,1,No Deposit,177,,0,Transient-Party,128,0,0,Check-Out,20-09-2016
City Hotel,0,38,2016,January,4,22,0,2,2,0,0,BB,BEL,Online TA,TA/TO,0,0,0,A,A,1,No Deposit,9,,0,Transient,79.4,0,1,Check-Out,24-01-2016
City Hotel,1,105,2017,April,14,7,2,5,2,1,0,BB,DNK,Online TA,TA/TO,0,0,0,A,A,0,No Deposit,9,,0,Transient,136.29,0,1,Canceled,15-01-2017
Resort Hotel,0,61,2016,July,30,22,1,2,2,0,0,BB,FRA,Online TA,TA/TO,0,0,0,A,A,0,No Deposit,240,,0,Transient-Party,160,0,0,Check-Out,25-07-2016
City Hotel,0,15,2017,February,8,23,0,2,2,0,0,BB,PRT,Online TA,TA/TO,0,0,0,A,A,0,No Deposit,8,,0,Transient,108,0,1,Check-Out,25-02-2017
City Hotel,0,208,2017,May,21,24,0,2,2,0,0,HB,DEU,Groups,TA/TO,0,0,0,A,A,0,No Deposit,6,,0,Transient-Party,114.4,0,0,Check-Out,26-05-2017
Resort Hotel,1,15,2016,August,35,24,2,5,2,2,0,HB,PRT,Online TA,TA/TO,0,0,0,C,C,1,No Deposit,314,,0,Transient,220.49,0,0,Canceled,10-08-2016
City Hotel,1,262,2017,July,27,5,0,4,2,0,0,BB,PRT,Online TA,TA/TO,0,0,0,A,A,0,No Deposit,7,,0,Transient,78.35,0,1,Canceled,21-05-2017
City Hotel,0,97,2015,October,41,7,0,2,2,0,0,BB,PRT,Groups,TA/TO,0,0,0,A,A,0,No Deposit,1,,0,Transient-Party,62,0,0,Check-Out,09-10-2015
City Hotel,0,18,2017,June,22,3,2,1,2,0,0,BB,FRA,Direct,Direct,0,0,0,A,A,0,No Deposit,14,,0,Transient,155,0,2,Check-Out,06-06-2017
City Hotel,0,53,2017,February,9,26,2,0,1,0,0,BB,NLD,Online TA,TA/TO,0,0,0,A,A,0,No Deposit,9,,0,Transient,88.2,0,0,Check-Out,28-02-2017
City Hotel,1,69,2016,June,25,12,2,4,1,0,0,BB,PRT,Offline TA/TO,TA/TO,0,0,0,A,A,0,Non Refund,236,,0,Transient,120,0,0,Canceled,27-04-2016
Resort Hotel,0,0,2016,July,29,13,0,1,2,0,0,BB,USA,Direct,Direct,0,0,0,D,D,0,No Deposit,,,0,Transient,161,0,0,Check-Out,14-07-2016
City Hotel,1,35,2017,February,7,16,0,3,3,0,0,BB,GBR,Online TA,TA/TO,0,0,0,D,D,0,No Deposit,9,,0,Transient,160,0,1,Canceled,12-01-2017
City Hotel,1,33,2016,December,50,8,0,3,2,0,0,BB,ESP,Online TA,TA/TO,0,0,0,A,A,0,No Deposit,9,,0,Transient,104,0,1,Canceled,21-11-2016
City Hotel,0,247,2016,June,24,6,1,1,2,0,0,HB,DEU,Offline TA/TO,TA/TO,0,0,0,A,F,0,No Deposit,6,,0,Transient-Party,115,0,0,Check-Out,08-06-2016
City Hotel,1,23,2016,December,51,16,0,1,2,0,0,BB,PRT,Online TA,TA/TO,0,0,0,A,A,0,No Deposit,9,,0,Transient,104,0,0,Canceled,23-11-2016
City Hotel,0,176,2017,August,34,20,2,5,2,0,0,BB,DEU,Online TA,TA/TO,0,0,0,D,D,0,No Deposit,9,,0,Transient,126,0,0,Check-Out,27-08-2017
City Hotel,0,53,2017,April,17,28,0,1,2,1,0,BB,DEU,Online TA,TA/TO,0,0,0,A,A,0,No Deposit,9,,0,Transient,144,0,1,Check-Out,29-04-2017
Resort Hotel,1,168,2016,April,18,28,1,3,2,0,0,BB,PRT,Groups,TA/TO,0,0,0,A,A,0,Non Refund,257,,0,Transient,80,0,0,Canceled,19-01-2016
Resort Hotel,0,2,2016,December,51,16,0,1,2,0,0,BB,PRT,Offline TA/TO,TA/TO,0,0,0,A,D,0,No Deposit,330,,0,Transient-Party,34,0,1,Check-Out,17-12-2016
City Hotel,0,77,2016,October,44,25,0,3,2,0,0,BB,GBR,Online TA,TA/TO,0,0,0,D,D,0,No Deposit,9,,0,Transient,104.4,0,2,Check-Out,28-10-2016
Resort Hotel,0,42,2017,August,35,28,2,5,2,0,0,BB,GBR,Offline TA/TO,TA/TO,0,0,0,A,A,0,No Deposit,40,,0,Contract,118.5,0,0,Check-Out,04-09-2017
Resort Hotel,0,165,2017,May,22,29,3,7,2,0,0,HB,GBR,Offline TA/TO,TA/TO,0,0,0,A,A,0,No Deposit,40,,0,Contract,86.7,0,1,Check-Out,08-06-2017
City Hotel,0,20,2015,November,46,11,2,5,1,0,0,BB,SWE,Online TA,TA/TO,0,0,0,A,A,0,No Deposit,9,,0,Contract,68.85,0,1,Check-Out,18-11-2015
City Hotel,1,113,2017,April,18,30,2,2,2,0,0,SC,ITA,Online TA,TA/TO,0,0,0,A,A,0,No Deposit,9,,0,Transient,105.75,0,0,Canceled,07-01-2017
Resort Hotel,1,321,2017,June,23,5,2,5,2,0,0,BB,IRL,Online TA,TA/TO,0,0,0,A,A,2,No Deposit,240,,0,Transient,74.25,0,1,Canceled,04-04-2017
Resort Hotel,1,111,2016,February,7,12,0,2,2,0,0,FB,PRT,Groups,TA/TO,0,0,0,A,A,0,Non Refund,38,,0,Transient,70,0,0,Canceled,26-01-2016
City Hotel,1,233,2017,June,25,23,1,2,2,0,0,BB,PRT,Groups,TA/TO,0,0,0,A,A,0,Non Refund,20,,0,Transient,105,0,0,Canceled,21-04-2017
Resort Hotel,0,1,2017,August,34,22,0,2,2,0,0,BB,PRT,Online TA,TA/TO,0,0,0,D,D,0,No Deposit,306,,0,Transient,151.29,0,0,Check-Out,24-08-2017
City Hotel,1,79,2016,March,13,21,1,2,2,0,0,BB,ESP,Online TA,TA/TO,0,0,0,A,A,0,No Deposit,9,,0,Transient,96.3,0,0,Canceled,14-02-2016
City Hotel,1,245,2016,June,25,17,0,2,2,0,0,BB,PRT,Offline TA/TO,TA/TO,0,0,0,A,A,0,Non Refund,12,,0,Transient,75,0,0,Canceled,09-02-2016
City Hotel,1,108,2016,March,12,18,0,2,2,0,0,BB,PRT,Offline TA/TO,TA/TO,0,1,0,A,A,0,Non Refund,154,,0,Transient,80,0,0,Canceled,29-12-2015
Resort Hotel,0,22,2016,November,47,15,2,5,2,0,0,HB,GBR,Online TA,TA/TO,0,0,0,D,D,0,No Deposit,241,,0,Transient,56.62,0,1,Check-Out,22-11-2016
City Hotel,0,143,2017,January,4,26,0,3,2,0,0,BB,NLD,Online TA,TA/TO,0,0,0,A,A,1,No Deposit,9,,0,Transient,79.2,0,2,Check-Out,29-01-2017
City Hotel,0,5,2016,May,19,4,0,1,1,0,0,BB,PRT,Corporate,Corporate,1,0,5,A,A,0,No Deposit,,219,0,Transient,98,1,1,Check-Out,05-05-2016
Resort Hotel,0,88,2016,April,16,15,2,5,2,0,0,BB,FIN,Offline TA/TO,TA/TO,0,0,0,D,F,0,No Deposit,314,,0,Transient,69.7,0,1,Check-Out,22-04-2016
City Hotel,1,118,2017,July,27,2,2,0,2,0,0,BB,PRT,Online TA,TA/TO,0,0,0,A,A,0,No Deposit,7,,0,Transient,95.76,0,0,Canceled,16-05-2017
City Hotel,1,37,2016,October,42,13,0,3,1,0,0,BB,PRT,Offline TA/TO,TA/TO,0,0,0,A,A,0,No Deposit,56,,0,Transient-Party,95,0,0,Canceled,06-09-2016
Resort Hotel,0,42,2016,January,5,28,0,3,1,0,0,BB,POL,Direct,Direct,0,0,0,A,D,0,No Deposit,250,,0,Transient,44,1,0,Check-Out,31-01-2016
Resort Hotel,0,66,2015,December,50,12,2,5,2,0,0,HB,GBR,Offline TA/TO,TA/TO,0,0,0,D,D,0,No Deposit,115,,0,Transient,56.7,0,0,Check-Out,19-12-2015
City Hotel,0,122,2016,March,14,27,2,1,3,0,0,HB,PRT,Offline TA/TO,TA/TO,0,0,0,A,D,1,No Deposit,26,,0,Transient-Party,128,0,2,Check-Out,30-03-2016
City Hotel,0,18,2016,December,52,18,2,2,2,0,0,BB,FRA,Online TA,TA/TO,0,0,0,A,A,0,No Deposit,7,,0,Transient,68.07,0,0,Check-Out,22-12-2016
Resort Hotel,0,0,2017,January,3,20,0,1,2,0,0,BB,FRA,Direct,Direct,0,0,0,A,A,0,No Deposit,,,0,Transient,45,1,0,Check-Out,21-01-2017
City Hotel,0,29,2017,January,3,18,0,3,1,0,0,BB,FRA,Groups,TA/TO,0,0,0,A,A,0,No Deposit,171,,0,Transient-Party,65,0,0,Check-Out,21-01-2017
City Hotel,0,39,2016,December,52,19,1,2,2,0,0,HB,DEU,Offline TA/TO,TA/TO,0,0,0,A,A,0,No Deposit,16,,0,Transient,102,0,0,Check-Out,22-12-2016
City Hotel,0,17,2016,November,46,12,1,1,2,0,0,SC,ZAF,Online TA,TA/TO,0,0,0,A,A,0,No Deposit,9,,0,Transient,114,0,2,Check-Out,14-11-2016
City Hotel,0,1,2015,August,33,11,0,1,2,0,0,BB,FRA,Direct,Direct,0,0,0,A,A,1,No Deposit,,,0,Transient,75,0,0,Check-Out,12-08-2015
Resort Hotel,0,166,2016,October,43,20,2,5,2,0,0,BB,IRL,Online TA,TA/TO,0,0,0,A,A,0,No Deposit,240,,0,Transient-Party,52.71,0,3,Check-Out,27-10-2016
City Hotel,0,20,2016,October,41,2,2,1,2,0,0,BB,USA,Online TA,TA/TO,0,0,0,D,D,0,No Deposit,9,,0,Transient,164,0,0,Check-Out,05-10-2016
City Hotel,0,167,2017,August,33,16,0,3,2,1,0,BB,CHN,Online TA,TA/TO,0,0,0,A,D,0,No Deposit,9,,0,Transient,133.65,0,1,Check-Out,19-08-2017
City Hotel,1,193,2015,October,42,15,0,3,2,0,0,BB,,Offline TA/TO,TA/TO,0,0,0,A,A,0,Non Refund,12,,0,Transient,65,0,0,Canceled,16-09-2015
City Hotel,0,110,2017,May,18,3,0,3,2,0,0,SC,NLD,Online TA,TA/TO,0,0,0,A,A,0,No Deposit,9,,0,Transient,108,0,1,Check-Out,06-05-2017
City Hotel,1,56,2017,March,12,21,0,3,2,0,0,BB,PRT,Offline TA/TO,TA/TO,0,0,0,A,A,0,Non Refund,86,,0,Transient,85,0,0,Canceled,24-01-2017
Resort Hotel,1,40,2016,May,21,18,0,2,1,0,0,BB,PRT,Groups,Corporate,0,0,0,A,A,0,Non Refund,,,0,Transient,55,0,0,Canceled,13-04-2016
City Hotel,1,142,2016,April,17,22,2,3,1,0,0,BB,POL,Groups,TA/TO,0,0,0,A,A,0,Non Refund,37,,0,Transient,89,0,0,Canceled,18-01-2016
Resort Hotel,0,0,2016,February,9,22,1,2,2,0,0,BB,ESP,Online TA,TA/TO,0,0,0,A,D,0,No Deposit,240,,0,Transient,48,0,0,Check-Out,25-02-2016
City Hotel,0,215,2016,November,48,21,1,1,2,0,0,BB,NOR,Groups,Corporate,0,0,0,A,A,0,No Deposit,,233,0,Transient,85,0,0,Check-Out,23-11-2016
City Hotel,0,332,2016,September,39,22,1,3,2,0,0,BB,PRT,Online TA,TA/TO,0,0,0,A,A,1,No Deposit,7,,0,Transient,77.23,0,0,Check-Out,26-09-2016
Resort Hotel,0,28,2017,February,8,20,3,7,2,0,0,HB,GBR,Offline TA/TO,TA/TO,0,0,0,E,E,0,No Deposit,57,,0,Transient,78,0,0,Check-Out,02-03-2017
City Hotel,0,6,2015,December,50,10,0,2,2,0,0,HB,DEU,Offline TA/TO,TA/TO,0,0,0,A,A,1,No Deposit,6,,0,Transient-Party,0,0,0,Check-Out,12-12-2015
City Hotel,0,93,2016,May,22,23,1,2,2,0,0,HB,USA,Direct,Direct,0,0,0,E,E,1,No Deposit,14,,0,Transient-Party,211,0,0,Check-Out,26-05-2016
Resort Hotel,0,18,2016,December,51,17,4,10,2,0,0,BB,GBR,Online TA,TA/TO,0,0,0,D,D,0,No Deposit,241,,0,Transient,46.22,0,1,Check-Out,31-12-2016
City Hotel,1,162,2017,April,13,1,2,1,2,0,0,BB,PRT,Groups,TA/TO,0,0,0,A,A,0,No Deposit,296,,0,Transient-Party,98,0,0,Canceled,10-01-2017
Resort Hotel,0,1,2017,January,4,27,1,2,1,0,0,BB,ITA,Online TA,TA/TO,0,0,0,G,G,0,No Deposit,242,,0,Transient-Party,88.67,0,1,Check-Out,30-01-2017
Resort Hotel,0,164,2016,June,27,30,2,8,2,0,0,BB,GBR,Offline TA/TO,TA/TO,0,0,0,A,A,0,No Deposit,243,,0,Contract,57.8,0,0,Check-Out,10-07-2016
City Hotel,0,85,2016,October,44,26,0,1,2,0,0,BB,BRA,Online TA,TA/TO,0,0,0,A,A,0,No Deposit,9,,0,Transient,90.9,0,3,Check-Out,27-10-2016
City Hotel,0,88,2016,May,19,3,0,3,1,0,0,HB,PRT,Offline TA/TO,TA/TO,0,0,0,A,A,1,No Deposit,3,,0,Transient-Party,96,0,0,Check-Out,06-05-2016
City Hotel,0,102,2017,April,18,30,2,4,2,0,0,BB,DZA,Offline TA/TO,TA/TO,0,0,0,A,D,0,No Deposit,28,,0,Transient,85,0,0,Check-Out,06-05-2017
Resort Hotel,0,42,2015,December,53,30,0,4,2,0,0,BB,PRT,Direct,Direct,0,0,0,D,D,0,No Deposit,,,0,Transient,150,0,0,Check-Out,03-01-2016
Resort Hotel,0,14,2015,November,45,3,0,3,2,0,0,HB,BEL,Online TA,TA/TO,0,0,0,A,D,1,No Deposit,240,,0,Transient,78,0,1,Check-Out,06-11-2015
City Hotel,0,114,2017,May,20,17,0,4,2,0,0,BB,BEL,Online TA,TA/TO,0,0,0,A,A,3,No Deposit,9,,0,Transient,123.75,0,1,Check-Out,21-05-2017
City Hotel,1,85,2016,January,4,22,0,1,1,0,0,BB,PRT,Groups,TA/TO,0,1,0,A,A,0,Non Refund,29,,0,Transient,75,0,0,Canceled,02-12-2015
City Hotel,0,327,2015,September,37,9,2,4,2,0,0,HB,PRT,Offline TA/TO,TA/TO,0,0,0,A,A,0,No Deposit,21,,0,Transient-Party,88,0,0,Check-Out,15-09-2015
City Hotel,0,10,2015,December,52,20,2,2,2,0,0,SC,USA,Online TA,TA/TO,0,0,0,A,A,0,No Deposit,7,,0,Transient,52.36,0,1,Check-Out,24-12-2015
City Hotel,1,57,2016,October,43,17,1,3,3,0,0,BB,CHE,Online TA,TA/TO,0,0,0,D,D,0,No Deposit,9,,0,Transient,158.4,0,1,Canceled,04-09-2016
City Hotel,0,0,2017,April,14,6,0,1,1,0,0,BB,PRT,Direct,Direct,0,0,0,E,K,0,No Deposit,,,0,Transient,110,0,0,Check-Out,07-04-2017
Resort Hotel,0,21,2017,June,22,2,2,5,2,1,0,HB,GBR,Offline TA/TO,TA/TO,0,0,0,A,A,0,No Deposit,40,,0,Contract,113.75,0,0,Check-Out,09-06-2017
City Hotel,1,192,2016,August,35,24,0,4,2,0,0,SC,HUN,Online TA,TA/TO,0,0,0,A,A,0,No Deposit,9,,0,Transient,89.25,0,0,Canceled,10-06-2016
City Hotel,1,27,2016,December,50,7,0,3,2,0,0,BB,ESP,Online TA,TA/TO,0,0,0,A,A,0,No Deposit,9,,0,Transient,113,0,2,Canceled,20-11-2016
City Hotel,1,98,2016,August,33,12,2,5,3,0,0,HB,FRA,Online TA,TA/TO,0,0,0,D,D,0,No Deposit,9,,0,Transient,212.4,0,2,Canceled,31-07-2016
City Hotel,1,147,2016,April,16,11,1,5,2,0,0,SC,PRT,Online TA,TA/TO,0,0,0,A,A,0,No Deposit,9,,0,Contract,90.95,0,0,No-Show,11-04-2016
City Hotel,1,128,2017,June,24,12,1,2,1,0,0,BB,FRA,Online TA,TA/TO,0,0,0,A,A,0,No Deposit,9,,0,Transient,135,0,0,Canceled,08-02-2017
City Hotel,1,215,2017,August,35,30,2,5,2,0,0,HB,ESP,Online TA,TA/TO,0,0,0,D,D,2,No Deposit,9,,0,Transient,162,0,0,Canceled,25-06-2017
City Hotel,1,212,2017,May,20,20,1,1,2,0,0,BB,CN,Online TA,TA/TO,0,0,0,D,D,0,No Deposit,9,,0,Transient,138.6,0,1,Canceled,29-10-2016
City Hotel,1,218,2017,June,23,8,0,3,2,0,0,SC,GBR,Online TA,TA/TO,0,0,0,A,A,0,No Deposit,9,,0,Transient,99,0,0,Canceled,09-11-2016
Resort Hotel,0,107,2015,August,33,10,1,2,2,0,0,BB,PRT,Direct,Direct,0,0,0,A,A,0,No Deposit,,,0,Transient-Party,134,0,1,Check-Out,13-08-2015
City Hotel,0,12,2015,October,44,25,2,1,2,0,0,BB,PRT,Groups,TA/TO,0,0,0,A,A,0,No Deposit,37,,0,Transient-Party,85.67,0,0,Check-Out,28-10-2015
City Hotel,1,325,2016,October,43,17,1,2,2,0,0,BB,PRT,Offline TA/TO,TA/TO,0,1,0,A,A,0,Non Refund,58,,0,Transient,95,0,0,Canceled,06-01-2016
Resort Hotel,0,63,2016,August,36,30,0,1,2,0,0,BB,CHN,Offline TA/TO,TA/TO,0,0,0,A,D,0,No Deposit,327,,0,Transient-Party,112,0,2,Check-Out,31-08-2016
City Hotel,0,29,2017,May,21,27,0,1,2,0,0,SC,CHE,Online TA,TA/TO,0,0,0,A,A,0,No Deposit,9,,0,Transient,160,0,0,Check-Out,28-05-2017
Resort Hotel,0,9,2015,July,29,12,2,1,2,0,0,BB,ESP,Online TA,TA/TO,0,0,0,A,A,0,No Deposit,240,,0,Transient,117.9,0,3,Check-Out,15-07-2015
City Hotel,0,7,2015,September,38,19,2,2,2,0,0,BB,DEU,Online TA,TA/TO,0,0,0,A,A,0,No Deposit,9,,0,Transient,126,0,3,Check-Out,23-09-2015
City Hotel,0,212,2016,May,21,20,2,3,2,0,0,BB,DEU,Offline TA/TO,TA/TO,0,0,0,A,A,0,No Deposit,21,,0,Transient-Party,78,0,0,Check-Out,25-05-2016
City Hotel,1,74,2015,September,38,18,0,2,1,0,0,HB,PRT,Offline TA/TO,TA/TO,0,0,0,A,A,0,Non Refund,6,,0,Transient-Party,80,0,0,Canceled,06-07-2015
City Hotel,0,107,2016,July,28,9,2,5,2,0,0,BB,ITA,Online TA,TA/TO,0,0,0,A,A,0,No Deposit,9,,0,Transient,109.16,0,1,Check-Out,16-07-2016
City Hotel,1,54,2017,May,18,3,0,4,2,0,0,SC,FRA,Online TA,TA/TO,0,0,0,A,A,0,No Deposit,9,,0,Transient,126,0,0,Canceled,12-03-2017
City Hotel,0,139,2017,April,14,6,0,3,2,0,0,BB,IRL,Online TA,TA/TO,0,0,0,D,D,1,No Deposit,9,,0,Transient,166.5,0,2,Check-Out,09-04-2017
Resort Hotel,1,8,2016,November,49,27,2,3,2,0,0,BB,ESP,Direct,Direct,0,0,0,F,F,0,No Deposit,250,,0,Transient,57.55,0,0,Canceled,21-11-2016
City Hotel,1,226,2016,August,35,27,1,1,2,0,0,HB,PRT,Groups,TA/TO,0,0,0,A,A,0,Non Refund,1,,0,Transient,96,0,0,Canceled,12-08-2016
Resort Hotel,0,111,2015,August,32,4,2,5,2,0,0,BB,GBR,Offline TA/TO,TA/TO,0,0,0,A,A,0,No Deposit,40,,0,Contract,93.6,0,0,Check-Out,11-08-2015
City Hotel,1,34,2015,December,50,8,0,2,1,0,0,BB,PRT,Offline TA/TO,TA/TO,0,1,0,A,A,0,Non Refund,19,,0,Transient,90,0,0,Canceled,17-11-2015
City Hotel,0,142,2017,July,29,16,2,2,1,0,0,SC,DEU,Online TA,TA/TO,0,0,0,A,A,0,No Deposit,9,,0,Transient,89.1,0,1,Check-Out,20-07-2017
Resort Hotel,0,4,2015,October,42,13,0,2,2,0,0,BB,GBR,Direct,Direct,0,0,0,F,F,0,No Deposit,250,,0,Transient,76,0,2,Check-Out,15-10-2015
City Hotel,0,221,2015,October,42,17,2,1,2,0,0,BB,FRA,Offline TA/TO,TA/TO,0,0,0,A,A,0,No Deposit,3,,0,Transient-Party,65,0,0,Check-Out,20-10-2015
City Hotel,0,118,2016,May,22,26,0,2,2,0,0,BB,PRT,Offline TA/TO,TA/TO,0,0,0,A,A,0,No Deposit,27,,0,Transient,80.75,0,0,Check-Out,28-05-2016
City Hotel,0,146,2017,May,21,24,0,3,2,1,0,BB,FRA,Direct,Direct,0,0,0,F,F,0,No Deposit,,,0,Transient,178.5,0,2,Check-Out,27-05-2017
City Hotel,1,286,2016,October,43,16,1,0,2,0,0,BB,PRT,Offline TA/TO,TA/TO,0,0,0,A,A,0,Non Refund,44,,0,Transient,90,0,0,Canceled,20-06-2016
Resort Hotel,0,183,2015,September,36,1,2,6,2,0,0,BB,PRT,Online TA,TA/TO,0,0,0,A,A,0,No Deposit,240,,0,Transient,123,0,1,Check-Out,09-09-2015
Resort Hotel,0,98,2015,July,29,13,1,1,2,0,0,BB,ESP,Online TA,TA/TO,0,0,0,A,A,0,No Deposit,240,,0,Transient-Party,82,0,3,Check-Out,15-07-2015
City Hotel,0,224,2016,October,44,23,2,1,3,0,0,BB,CHE,Online TA,TA/TO,0,0,0,D,E,0,No Deposit,9,,0,Transient,128.7,0,2,Check-Out,26-10-2016
City Hotel,1,64,2017,February,6,10,2,3,2,0,0,SC,ESP,Online TA,TA/TO,0,0,0,A,A,0,No Deposit,9,,0,Transient,74.8,0,0,Canceled,08-12-2016
City Hotel,0,190,2017,August,32,7,1,5,3,0,0,BB,DEU,Online TA,TA/TO,0,0,0,D,D,0,No Deposit,9,,0,Transient,175.5,0,0,Check-Out,13-08-2017
City Hotel,1,97,2015,October,41,5,1,3,1,0,0,BB,PRT,Groups,TA/TO,0,0,0,A,A,0,Non Refund,29,,0,Transient,140,0,0,Canceled,03-07-2015
City Hotel,0,3,2016,August,33,13,0,1,2,0,0,SC,FRA,Online TA,TA/TO,0,0,0,A,A,0,No Deposit,9,,0,Transient,168,0,2,Check-Out,14-08-2016
City Hotel,1,185,2016,August,33,13,2,5,2,0,0,SC,FRA,Online TA,TA/TO,0,0,0,A,A,0,No Deposit,9,,0,Transient,89.25,0,0,Canceled,10-03-2016
City Hotel,1,234,2016,August,36,31,0,4,2,0,0,SC,DEU,Online TA,TA/TO,0,0,0,A,A,0,No Deposit,9,,0,Transient,80.75,0,0,Canceled,13-01-2016
City Hotel,0,25,2017,April,16,21,0,1,2,0,0,BB,USA,Direct,Direct,0,0,0,D,D,0,No Deposit,14,,0,Transient,148,1,0,Check-Out,22-04-2017
City Hotel,1,120,2016,September,36,2,1,2,1,0,0,BB,PRT,Groups,TA/TO,0,0,0,A,A,0,Non Refund,37,,0,Transient,115,0,0,Canceled,14-06-2016
Resort Hotel,0,339,2017,March,10,11,2,5,2,0,0,HB,PRT,Groups,TA/TO,0,0,0,D,D,0,No Deposit,298,,0,Transient-Party,64,0,0,Check-Out,18-03-2017
City Hotel,0,204,2016,September,38,12,1,1,3,0,0,BB,MEX,Online TA,TA/TO,0,0,0,D,D,0,No Deposit,9,,0,Transient,168.3,0,2,Check-Out,14-09-2016
City Hotel,0,352,2017,June,23,4,2,2,2,0,0,BB,DEU,Offline TA/TO,TA/TO,0,0,0,A,A,0,No Deposit,21,,0,Transient-Party,83.75,0,1,Check-Out,08-06-2017
City Hotel,0,132,2016,June,24,11,1,1,2,1,0,BB,DEU,Online TA,TA/TO,0,0,0,A,D,0,No Deposit,9,,0,Transient,143.1,0,2,Check-Out,13-06-2016
Resort Hotel,0,0,2017,April,15,9,2,0,2,0,0,BB,DEU,Online TA,TA/TO,0,0,0,A,A,1,No Deposit,240,,0,Transient-Party,90,0,1,Check-Out,11-04-2017
Resort Hotel,0,24,2016,March,10,5,2,5,2,0,0,BB,GBR,Offline TA/TO,TA/TO,0,0,0,D,D,0,No Deposit,115,,0,Transient,33.3,0,0,Check-Out,12-03-2016
Resort Hotel,1,46,2016,September,39,19,1,0,2,0,0,BB,CYP,Online TA,TA/TO,0,0,0,A,A,0,No Deposit,240,,0,Transient,92,0,0,Canceled,24-08-2016
City Hotel,0,0,2016,February,9,24,1,4,2,0,0,BB,PRT,Direct,Direct,0,0,0,D,D,0,No Deposit,,,0,Transient,101.28,1,2,Check-Out,29-02-2016
City Hotel,1,307,2015,August,34,20,0,2,2,0,0,BB,PRT,Groups,TA/TO,0,1,0,A,A,0,Non Refund,1,,0,Contract,62,0,0,Canceled,01-01-2015
Resort Hotel,0,129,2016,May,21,21,2,1,2,0,0,BB,GBR,Offline TA/TO,TA/TO,0,0,0,A,A,0,No Deposit,177,,0,Transient,41.4,0,0,Check-Out,24-05-2016
City Hotel,0,82,2016,March,14,28,1,2,2,0,0,BB,PRT,Offline TA/TO,TA/TO,0,0,0,A,A,0,No Deposit,27,,0,Transient,38.67,0,0,Check-Out,31-03-2016
City Hotel,1,180,2016,July,30,23,1,1,2,1,0,BB,GBR,Online TA,TA/TO,0,0,0,B,B,0,No Deposit,9,,0,Transient,112.5,0,0,Canceled,26-01-2016
City Hotel,1,79,2015,November,46,13,0,2,2,0,0,BB,PRT,Offline TA/TO,TA/TO,0,0,0,A,A,0,Non Refund,60,,69,Transient,75,0,0,Canceled,03-11-2015
Resort Hotel,1,213,2016,May,21,16,1,1,2,0,0,HB,PRT,Groups,TA/TO,0,0,0,A,A,0,No Deposit,298,,0,Transient-Party,85,0,0,Canceled,19-04-2016
City Hotel,0,152,2016,July,29,10,2,2,2,0,0,BB,PRT,Online TA,TA/TO,0,0,0,D,D,3,No Deposit,9,,0,Transient,134.3,0,3,Check-Out,14-07-2016
City Hotel,1,11,2017,March,10,10,0,2,2,0,0,BB,PER,Direct,Direct,0,0,0,D,D,0,No Deposit,14,,0,Transient,123,0,0,Canceled,06-03-2017
City Hotel,1,323,2016,May,22,26,0,2,2,0,0,BB,PRT,Groups,TA/TO,0,0,0,A,A,0,Non Refund,1,,0,Transient,62,0,0,Canceled,21-10-2015
City Hotel,0,169,2016,April,17,22,2,2,2,0,0,BB,CN,Offline TA/TO,TA/TO,0,0,0,A,A,0,No Deposit,2,,48,Transient-Party,77,0,1,Check-Out,26-04-2016
Resort Hotel,1,253,2017,August,34,25,2,4,2,0,0,BB,ESP,Online TA,TA/TO,0,0,0,A,A,0,No Deposit,240,,0,Transient,153.75,0,1,Canceled,07-01-2017
Resort Hotel,0,157,2016,June,24,11,2,5,2,0,0,BB,GBR,Offline TA/TO,TA/TO,0,0,0,A,A,1,No Deposit,143,,0,Transient,51.85,0,0,Check-Out,18-06-2016
City Hotel,1,391,2016,August,32,4,0,2,2,0,0,BB,PRT,Groups,TA/TO,0,0,0,A,A,0,Non Refund,1,,0,Transient,62,0,0,Canceled,21-10-2015
City Hotel,1,317,2016,September,38,15,0,2,2,0,0,BB,PRT,Offline TA/TO,TA/TO,0,0,0,A,A,0,Non Refund,19,,0,Transient,120,0,0,Canceled,09-02-2016
Resort Hotel,0,0,2016,July,32,31,1,0,2,0,0,BB,PRT,Direct,Direct,1,0,1,A,C,0,No Deposit,,,0,Transient,155,1,0,Check-Out,01-08-2016
City Hotel,0,10,2015,August,35,23,1,0,2,2,0,BB,PRT,Online TA,TA/TO,0,0,0,F,F,0,No Deposit,9,,0,Contract,153,0,0,Check-Out,24-08-2015
City Hotel,0,59,2016,February,6,6,2,2,2,0,0,BB,AUT,Groups,TA/TO,0,0,0,A,D,0,No Deposit,1,,0,Transient-Party,62,0,0,Check-Out,10-02-2016
Resort Hotel,0,352,2017,May,21,25,2,5,2,0,0,BB,GBR,Offline TA/TO,TA/TO,0,0,0,A,A,0,No Deposit,6,,0,Transient,66,0,0,Check-Out,01-06-2017
City Hotel,0,320,2016,August,34,18,0,2,2,0,0,HB,USA,Offline TA/TO,TA/TO,0,0,0,A,A,0,No Deposit,6,,0,Transient-Party,115,0,1,Check-Out,20-08-2016
City Hotel,0,84,2015,November,48,27,1,2,2,0,0,BB,PRT,Groups,TA/TO,0,0,0,A,A,0,No Deposit,1,,0,Transient-Party,64,0,0,Check-Out,30-11-2015
Resort Hotel,1,360,2016,September,37,8,2,6,2,0,0,HB,PRT,Online TA,TA/TO,0,0,0,A,A,1,No Deposit,240,,0,Transient,120,0,2,Canceled,24-11-2015
City Hotel,0,414,2017,July,28,13,0,2,2,0,0,HB,DEU,Groups,TA/TO,0,0,0,A,A,0,No Deposit,6,,0,Transient-Party,122.4,0,1,Check-Out,15-07-2017
Resort Hotel,0,74,2016,May,19,4,0,2,2,0,0,BB,THA,Online TA,TA/TO,0,0,0,D,D,0,No Deposit,240,,0,Transient,79,1,2,Check-Out,06-05-2016
Resort Hotel,0,7,2016,October,41,3,1,1,2,0,0,BB,,Corporate,Corporate,0,0,0,A,D,0,No Deposit,,42,0,Transient,50,0,0,Check-Out,05-10-2016
City Hotel,0,29,2016,December,49,2,0,2,2,0,0,BB,PRT,Corporate,TA/TO,0,0,0,A,A,0,No Deposit,,,0,Transient-Party,85,0,0,Check-Out,04-12-2016
City Hotel,0,4,2016,February,9,25,0,2,2,0,0,BB,ITA,Online TA,TA/TO,0,0,0,A,A,0,No Deposit,9,,0,Transient,93,0,0,Check-Out,27-02-2016
Resort Hotel,1,109,2015,September,37,7,1,5,2,0,0,BB,PRT,Online TA,TA/TO,0,0,0,E,E,0,No Deposit,240,,0,Transient,123,0,0,Canceled,05-06-2015
City Hotel,0,208,2017,May,21,24,0,2,2,0,0,HB,DEU,Groups,TA/TO,0,0,0,A,A,0,No Deposit,6,,0,Transient-Party,114.4,0,0,Check-Out,26-05-2017
City Hotel,0,21,2016,November,48,21,1,5,1,0,0,BB,BRA,Offline TA/TO,TA/TO,0,0,0,A,A,0,No Deposit,85,,0,Transient,63.75,0,0,Check-Out,27-11-2016
Resort Hotel,0,0,2015,November,48,25,0,1,1,0,0,BB,PRT,Online TA,TA/TO,0,0,0,A,A,0,No Deposit,240,,0,Transient,40,0,0,Check-Out,26-11-2015
City Hotel,0,25,2017,June,26,27,0,1,1,0,0,BB,BEL,Corporate,Corporate,0,0,0,A,A,2,No Deposit,,280,0,Transient-Party,95,0,0,Check-Out,28-06-2017
City Hotel,0,64,2016,September,38,16,0,2,2,0,0,BB,ESP,Online TA,TA/TO,0,0,0,D,D,0,No Deposit,9,,0,Transient,149.4,0,1,Check-Out,18-09-2016
City Hotel,0,95,2017,August,34,21,1,3,2,0,0,BB,NLD,Offline TA/TO,TA/TO,0,0,0,A,A,0,No Deposit,138,,0,Transient,80.1,0,1,Check-Out,25-08-2017
City Hotel,0,121,2017,July,31,31,1,2,2,0,0,SC,NOR,Online TA,TA/TO,0,0,0,A,A,0,No Deposit,7,,0,Transient,93.33,0,1,Check-Out,03-08-2017
City Hotel,0,136,2016,July,30,23,2,1,2,0,0,BB,FRA,Groups,TA/TO,0,0,0,B,B,0,No Deposit,1,,0,Transient,75,0,0,Check-Out,26-07-2016
City Hotel,0,132,2016,May,19,6,0,2,2,0,0,BB,ESP,Online TA,TA/TO,0,0,0,A,A,0,No Deposit,9,,0,Transient-Party,105.3,0,0,Check-Out,08-05-2016
City Hotel,1,285,2016,October,41,3,1,3,2,0,0,BB,PRT,Offline TA/TO,TA/TO,0,0,0,A,A,0,Non Refund,31,,24,Transient,100,0,0,Canceled,16-01-2016
City Hotel,0,209,2017,August,33,16,0,3,3,0,0,BB,FRA,Offline TA/TO,TA/TO,0,0,0,A,D,0,No Deposit,28,,0,Transient,115,0,1,Check-Out,19-08-2017
City Hotel,1,17,2016,July,28,9,1,1,3,0,0,BB,ESP,Online TA,TA/TO,0,0,0,D,D,0,No Deposit,9,,0,Transient,187,0,0,Canceled,28-06-2016
City Hotel,0,10,2016,May,23,29,3,5,1,0,0,BB,CHE,Corporate,Corporate,0,0,0,A,A,0,No Deposit,,254,0,Transient-Party,110,0,0,Check-Out,06-06-2016
Resort Hotel,1,341,2017,August,32,12,4,6,2,0,0,BB,GBR,Online TA,TA/TO,0,0,0,A,A,0,No Deposit,240,,0,Transient,138.38,0,2,Canceled,20-09-2016
City Hotel,0,4,2016,September,40,27,0,1,2,0,0,BB,PRT,Offline TA/TO,TA/TO,1,0,2,A,A,0,No Deposit,94,,0,Transient,75,0,2,Check-Out,28-09-2016
City Hotel,1,358,2016,June,27,30,0,2,2,0,0,BB,PRT,Groups,TA/TO,0,0,0,A,A,0,Non Refund,1,,0,Transient,62,0,0,Canceled,21-10-2015
City Hotel,0,61,2017,June,22,3,2,1,2,0,0,BB,FRA,Online TA,TA/TO,0,0,0,D,D,0,No Deposit,9,,0,Transient,170,0,1,Check-Out,06-06-2017
Resort Hotel,1,272,2017,April,15,14,2,2,2,0,0,BB,FIN,Online TA,TA/TO,0,0,0,E,E,0,No Deposit,240,,0,Transient,91.35,0,0,Canceled,25-07-2016
Resort Hotel,0,55,2016,August,33,8,1,4,3,1,0,BB,PRT,Online TA,TA/TO,0,0,0,H,H,0,No Deposit,240,,0,Transient,286,1,0,Check-Out,13-08-2016
Resort Hotel,0,0,2016,January,2,6,0,1,1,0,0,BB,PRT,Online TA,TA/TO,0,0,0,A,D,1,No Deposit,240,,0,Transient,39,0,0,Check-Out,07-01-2016
City Hotel,1,49,2016,July,29,11,1,0,2,0,0,SC,CHN,Online TA,TA/TO,0,0,0,A,A,0,No Deposit,9,,0,Transient,93.15,0,0,Canceled,20-06-2016
City Hotel,0,156,2016,August,34,14,2,4,2,0,0,BB,ESP,Direct,Direct,0,0,0,A,A,0,No Deposit,14,,0,Transient,114.33,1,0,Check-Out,20-08-2016
City Hotel,0,72,2017,March,11,17,0,2,2,0,0,BB,NLD,Online TA,TA/TO,0,0,0,A,A,0,No Deposit,7,,0,Transient,71.1,0,1,Check-Out,19-03-2017
City Hotel,1,199,2017,July,28,13,0,2,3,0,0,BB,BEL,Online TA,TA/TO,0,0,0,A,A,0,No Deposit,9,,0,Transient,107.1,0,0,Canceled,26-12-2016
City Hotel,1,324,2017,June,23,8,0,3,2,0,0,SC,DEU,Online TA,TA/TO,0,0,0,A,A,0,No Deposit,9,,0,Transient,99,0,0,Canceled,01-05-2017
City Hotel,0,115,2016,March,12,18,0,2,2,0,0,HB,PRT,Groups,TA/TO,0,0,0,A,A,0,No Deposit,1,,0,Transient-Party,90,0,0,Check-Out,20-03-2016
City Hotel,0,25,2015,September,38,19,2,4,2,0,0,BB,PRT,Online TA,TA/TO,0,0,0,D,D,0,No Deposit,8,,0,Transient,118.15,0,1,Check-Out,25-09-2015
Resort Hotel,0,250,2017,June,24,17,4,6,2,0,0,BB,IRL,Online TA,TA/TO,0,0,0,E,E,0,No Deposit,240,,0,Transient,107.1,0,4,Check-Out,27-06-2017
City Hotel,0,8,2016,March,10,2,0,1,1,0,0,BB,PRT,Online TA,TA/TO,0,0,0,A,A,0,No Deposit,9,,0,Transient-Party,86,0,0,Check-Out,03-03-2016
City Hotel,1,78,2017,April,17,29,2,1,2,0,0,BB,PRT,Groups,TA/TO,0,0,0,A,A,0,Non Refund,6,,0,Transient,90,0,0,Canceled,10-02-2017
Resort Hotel,1,5,2016,August,32,2,0,1,2,1,1,BB,PRT,Direct,Direct,0,0,0,C,C,0,No Deposit,,,0,Transient,0,0,0,Canceled,28-07-2016
City Hotel,0,92,2017,May,20,14,2,1,2,0,0,SC,CN,Online TA,TA/TO,0,0,0,A,D,0,No Deposit,9,,0,Transient,120,0,2,Check-Out,17-05-2017
City Hotel,0,49,2016,June,23,4,1,1,2,0,0,BB,SWE,Online TA,TA/TO,0,0,0,D,D,0,No Deposit,8,,0,Transient,135.9,0,1,Check-Out,06-06-2016
City Hotel,1,82,2016,September,38,15,0,3,2,0,0,BB,GBR,Online TA,TA/TO,0,0,0,D,D,0,No Deposit,9,,0,Transient,149.4,0,1,Canceled,12-09-2016
City Hotel,0,9,2016,February,7,8,1,2,2,0,0,SC,GBR,Offline TA/TO,TA/TO,0,0,0,A,A,0,No Deposit,28,,0,Transient,58,0,0,Check-Out,11-02-2016
Resort Hotel,0,0,2016,February,9,22,1,0,1,0,0,BB,PRT,Corporate,Corporate,1,0,1,A,D,0,No Deposit,195,,0,Transient,30,0,0,Check-Out,23-02-2016
City Hotel,1,302,2016,September,38,16,1,2,2,0,0,BB,PRT,Offline TA/TO,TA/TO,0,0,0,A,A,0,Non Refund,12,,70,Transient,100,0,0,Canceled,28-01-2016
City Hotel,0,228,2016,September,37,10,2,2,2,0,0,SC,AUS,Online TA,TA/TO,0,0,0,A,A,0,No Deposit,9,,0,Transient,90.1,0,1,Check-Out,14-09-2016
Resort Hotel,0,7,2017,March,9,2,2,3,1,0,0,BB,GBR,Groups,Corporate,0,0,0,A,A,2,No Deposit,,223,0,Transient-Party,37,0,0,Check-Out,07-03-2017
Resort Hotel,1,39,2016,March,13,21,1,4,2,0,0,HB,PRT,Online TA,TA/TO,0,0,0,D,D,0,No Deposit,240,,0,Transient,96.8,0,0,Canceled,05-03-2016
City Hotel,0,201,2017,August,32,6,2,1,2,1,0,BB,AUT,Online TA,TA/TO,0,0,0,A,A,1,No Deposit,9,,0,Transient,148.5,0,3,Check-Out,09-08-2017
Resort Hotel,0,17,2017,August,32,6,1,0,2,0,0,BB,PRT,Online TA,TA/TO,0,0,0,C,C,2,No Deposit,240,,0,Transient,249,1,1,Check-Out,07-08-2017
City Hotel,1,45,2016,November,47,19,1,1,1,0,0,BB,DEU,Online TA,TA/TO,0,0,0,A,A,0,No Deposit,9,,0,Transient,86.4,0,0,Canceled,13-10-2016
City Hotel,1,29,2017,March,10,6,1,3,2,0,0,SC,DEU,Online TA,TA/TO,0,0,0,A,A,0,No Deposit,9,,0,Transient,74.8,0,0,Canceled,22-02-2017
Resort Hotel,1,16,2016,August,32,6,2,3,2,0,0,HB,ESP,Online TA,TA/TO,0,0,0,A,A,0,No Deposit,240,,0,Transient,251,0,0,Canceled,26-07-2016
City Hotel,0,22,2017,April,16,21,2,2,2,0,0,SC,ITA,Online TA,TA/TO,0,0,0,A,A,0,No Deposit,9,,0,Transient,115,0,1,Check-Out,25-04-2017
City Hotel,1,185,2017,July,27,5,2,5,2,1,0,BB,DNK,Online TA,TA/TO,0,0,0,A,A,0,No Deposit,9,,0,Transient,125.1,0,0,Canceled,01-01-2017
Resort Hotel,1,72,2016,July,29,14,2,5,2,1,0,BB,PRT,Online TA,TA/TO,0,0,0,A,A,0,No Deposit,5,,0,Transient,128,0,0,Canceled,04-05-2016
City Hotel,1,98,2016,October,44,26,0,2,2,0,0,SC,DNK,Online TA,TA/TO,0,0,0,A,A,0,No Deposit,9,,0,Transient,80.1,0,0,Canceled,02-08-2016
City Hotel,1,5,2015,October,43,19,1,2,1,0,0,BB,PRT,Online TA,TA/TO,0,1,0,D,D,0,No Deposit,9,,0,Contract,136,0,2,Canceled,18-10-2015
Resort Hotel,1,219,2016,September,37,10,0,1,2,0,0,BB,PRT,Direct,Direct,0,0,0,E,E,0,No Deposit,250,,0,Transient,115,0,1,Canceled,17-08-2016
City Hotel,1,213,2017,August,33,18,0,2,2,0,0,SC,GBR,Online TA,TA/TO,0,0,0,A,A,1,No Deposit,9,,0,Transient,100.8,0,1,Canceled,25-04-2017
Resort Hotel,0,4,2017,January,3,17,0,0,1,0,0,Undefined,PRT,Groups,Direct,0,0,0,A,E,0,No Deposit,,,0,Transient-Party,0,0,0,Check-Out,17-01-2017
City Hotel,1,364,2015,October,42,16,0,2,2,0,0,HB,PRT,Offline TA/TO,TA/TO,0,1,0,A,A,0,Non Refund,6,,0,Transient-Party,101.5,0,0,Canceled,06-07-2015
City Hotel,1,422,2017,June,24,13,0,1,2,0,0,BB,PRT,Groups,TA/TO,0,0,0,A,A,0,Non Refund,229,,0,Transient,90,0,0,Canceled,05-05-2017
City Hotel,1,226,2017,July,28,9,2,1,2,0,0,BB,PRT,Groups,TA/TO,0,0,0,A,A,0,Non Refund,,,0,Transient,110,0,0,Canceled,25-11-2016
City Hotel,1,55,2016,October,43,20,0,3,2,0,0,BB,IRL,Online TA,TA/TO,0,0,0,D,D,0,No Deposit,9,,0,Transient,139.5,0,2,Canceled,04-09-2016
City Hotel,1,115,2016,August,35,26,2,2,2,0,0,BB,GBR,Online TA,TA/TO,0,0,0,D,D,0,No Deposit,9,,0,Transient,131.4,0,0,Canceled,23-07-2016
Resort Hotel,0,38,2016,January,2,8,3,7,2,0,0,BB,GBR,Online TA,TA/TO,0,0,0,A,A,0,No Deposit,240,,0,Transient,48,0,1,Check-Out,18-01-2016
Resort Hotel,0,140,2017,May,22,28,3,5,2,2,0,HB,GBR,Online TA,TA/TO,0,0,0,G,G,2,No Deposit,240,,0,Transient,215.5,0,0,Check-Out,05-06-2017
Resort Hotel,0,14,2016,December,53,30,0,2,2,0,0,BB,PRT,Online TA,TA/TO,0,0,0,D,G,0,No Deposit,240,,0,Transient,109.5,0,0,Check-Out,01-01-2017
Resort Hotel,0,90,2015,July,28,9,2,5,2,0,0,BB,GBR,Offline TA/TO,TA/TO,0,0,0,A,A,0,No Deposit,40,,0,Contract,93.6,0,0,Check-Out,16-07-2015
Resort Hotel,1,25,2016,November,48,20,2,1,1,0,0,BB,CN,Online TA,TA/TO,0,0,0,A,A,0,No Deposit,240,,0,Transient,43,0,1,Canceled,09-11-2016
City Hotel,0,110,2017,April,17,27,1,3,2,0,0,SC,CHE,Online TA,TA/TO,0,0,0,A,A,0,No Deposit,9,,0,Transient,99,0,0,Check-Out,01-05-2017
City Hotel,1,90,2016,April,18,28,0,2,2,0,0,BB,ITA,Online TA,TA/TO,0,0,0,A,B,1,No Deposit,9,,0,Transient,127.8,0,1,Canceled,23-04-2016
Resort Hotel,0,133,2016,August,32,4,3,8,2,1,0,BB,PRT,Direct,Direct,0,0,0,F,F,0,No Deposit,,,0,Transient-Party,216.66,0,0,Check-Out,15-08-2016
Resort Hotel,0,27,2016,June,25,12,2,1,1,0,0,BB,FRA,Online TA,TA/TO,0,0,0,A,A,0,No Deposit,240,,0,Transient,120,0,1,Check-Out,15-06-2016
City Hotel,1,56,2017,July,30,24,1,4,2,0,0,SC,USA,Online TA,TA/TO,0,0,0,A,A,0,No Deposit,9,,0,Transient,127.6,0,0,Canceled,29-05-2017
Resort Hotel,0,252,2017,April,16,22,2,5,2,0,0,BB,GBR,Groups,TA/TO,0,0,0,D,D,4,No Deposit,273,,0,Transient-Party,76.8,0,0,Check-Out,29-04-2017
City Hotel,0,51,2016,July,30,21,2,5,2,0,0,HB,DEU,Offline TA/TO,TA/TO,0,0,0,D,D,0,No Deposit,16,,0,Transient,87.3,0,0,Check-Out,28-07-2016
Resort Hotel,0,44,2015,July,30,22,0,4,2,1,0,HB,FRA,Online TA,TA/TO,0,0,0,D,D,1,No Deposit,242,,0,Transient,167.69,0,1,Check-Out,26-07-2015
Resort Hotel,0,1,2016,September,38,14,0,2,2,0,0,BB,ESP,Direct,Direct,0,0,0,F,F,0,No Deposit,250,,0,Transient,162,0,0,Check-Out,16-09-2016
City Hotel,0,59,2016,September,36,1,0,3,2,0,0,BB,FRA,Online TA,TA/TO,0,0,0,D,D,0,No Deposit,9,,0,Transient,123.3,0,2,Check-Out,04-09-2016
Resort Hotel,0,1,2017,May,20,15,1,0,2,0,0,BB,PRT,Online TA,TA/TO,1,0,4,A,D,0,No Deposit,240,,0,Transient,54,0,1,Check-Out,16-05-2017
City Hotel,0,336,2016,September,39,21,1,4,2,0,0,BB,DEU,Offline TA/TO,TA/TO,0,0,0,A,A,2,No Deposit,21,,0,Transient-Party,78,0,0,Check-Out,26-09-2016
City Hotel,0,86,2017,April,15,9,2,5,3,0,0,BB,FIN,Direct,Direct,0,0,0,E,E,0,No Deposit,,,0,Transient,180.63,0,1,Check-Out,16-04-2017
Resort Hotel,0,38,2017,August,33,13,2,4,2,1,0,HB,PRT,Direct,Direct,0,0,0,A,A,1,No Deposit,250,,0,Transient,296.33,0,1,Check-Out,19-08-2017
City Hotel,1,162,2017,August,33,19,1,1,2,0,0,BB,PRT,Groups,TA/TO,0,0,0,A,A,0,Non Refund,,,0,Transient,140,0,0,Canceled,21-03-2017
City Hotel,1,29,2017,March,9,3,2,2,2,0,0,BB,USA,Online TA,TA/TO,0,0,0,D,D,0,No Deposit,9,,0,Transient,100.3,0,0,Canceled,16-02-2017
City Hotel,0,115,2017,July,28,14,2,4,2,1,0,BB,FIN,Online TA,TA/TO,0,0,0,G,G,0,No Deposit,8,,0,Transient,277.5,0,2,Check-Out,20-07-2017
City Hotel,0,39,2016,March,14,28,1,0,2,0,0,BB,USA,Online TA,TA/TO,0,0,0,A,A,0,No Deposit,9,,0,Transient,117.9,0,1,Check-Out,29-03-2016
City Hotel,0,164,2017,June,26,28,0,2,2,0,0,BB,GBR,Online TA,TA/TO,0,0,0,A,A,0,No Deposit,9,,0,Transient,126,1,1,Check-Out,30-06-2017
City Hotel,1,17,2017,April,15,14,0,2,2,0,0,SC,ESP,Online TA,TA/TO,0,0,0,A,A,0,No Deposit,9,,0,Transient,150,0,0,Canceled,30-03-2017
Resort Hotel,1,136,2015,July,30,20,2,5,2,2,0,BB,PRT,Online TA,TA/TO,0,1,0,G,G,0,No Deposit,240,,0,Transient,237,0,0,Canceled,24-03-2015
City Hotel,0,28,2017,June,23,9,1,2,2,0,0,HB,FRA,Offline TA/TO,TA/TO,0,0,0,A,A,0,No Deposit,20,,0,Transient,181,0,0,Check-Out,12-06-2017
City Hotel,0,49,2015,November,46,9,1,2,2,0,0,BB,FRA,Offline TA/TO,TA/TO,0,0,0,D,D,0,No Deposit,28,,0,Transient,60,0,0,Check-Out,12-11-2015
Resort Hotel,0,22,2016,May,20,9,1,1,2,0,0,BB,PRT,Online TA,TA/TO,0,0,0,A,A,0,No Deposit,240,,0,Transient-Party,72,1,1,Check-Out,11-05-2016
City Hotel,1,26,2016,June,26,23,0,1,2,0,0,BB,PRT,Online TA,TA/TO,0,0,0,A,A,0,No Deposit,9,,0,Transient,101,0,0,Canceled,15-06-2016
City Hotel,1,62,2016,September,39,21,0,1,1,0,0,HB,PRT,Offline TA/TO,TA/TO,0,0,0,A,A,0,No Deposit,3,,0,Transient-Party,75,0,0,Canceled,24-08-2016
Resort Hotel,0,0,2016,January,2,3,3,5,2,0,0,BB,DEU,Direct,Direct,0,0,0,F,F,2,No Deposit,,,0,Transient,62.25,0,0,Check-Out,11-01-2016
Resort Hotel,0,198,2017,April,15,15,2,1,2,0,0,BB,GBR,Online TA,TA/TO,0,0,0,E,E,0,No Deposit,242,,0,Transient,98.5,1,1,Check-Out,18-04-2017
Resort Hotel,1,18,2016,April,18,25,1,3,2,0,0,BB,FIN,Online TA,TA/TO,0,0,0,E,E,0,No Deposit,240,,0,Transient,85,0,0,Canceled,13-04-2016
City Hotel,1,107,2016,May,19,7,2,1,2,1,0,BB,ITA,Online TA,TA/TO,0,0,0,A,A,1,No Deposit,9,,0,Transient,130,0,1,Canceled,03-03-2016
City Hotel,0,90,2017,March,10,7,0,3,2,1,0,BB,BRA,Online TA,TA/TO,0,0,0,A,D,3,No Deposit,9,,0,Transient,115.2,0,3,Check-Out,10-03-2017
City Hotel,0,60,2016,April,17,18,1,3,2,0,0,BB,SVK,Direct,Direct,0,0,0,D,D,2,No Deposit,14,,0,Transient,98.68,0,0,Check-Out,22-04-2016
City Hotel,1,105,2016,October,45,30,2,2,1,0,0,BB,FRA,Online TA,TA/TO,0,0,0,A,A,0,No Deposit,9,,0,Transient,85.05,0,0,Canceled,17-07-2016
City Hotel,0,112,2016,May,19,6,0,2,1,0,0,BB,PRT,Direct,Direct,0,0,0,A,A,0,No Deposit,,,0,Transient,90,0,0,Check-Out,08-05-2016
City Hotel,0,9,2016,January,4,21,0,1,2,0,0,BB,PRT,Direct,Direct,0,0,0,A,A,3,No Deposit,14,,0,Transient,91,0,1,Check-Out,22-01-2016
City Hotel,1,101,2016,July,31,24,2,3,2,0,0,BB,PRT,Offline TA/TO,TA/TO,0,0,0,A,A,0,No Deposit,22,,0,Transient,72.25,0,0,Canceled,15-07-2016
Resort Hotel,0,5,2016,April,15,6,0,2,2,0,0,BB,PRT,Online TA,TA/TO,1,0,1,A,D,0,No Deposit,240,,0,Transient,71,1,1,Check-Out,08-04-2016
City Hotel,0,33,2016,February,9,26,1,2,2,1,0,BB,ESP,Online TA,TA/TO,0,0,0,A,D,0,No Deposit,9,,0,Transient,102.37,0,1,Check-Out,29-02-2016
City Hotel,0,12,2015,August,34,16,2,3,3,0,0,BB,DEU,Offline TA/TO,TA/TO,0,0,0,A,D,1,No Deposit,27,,0,Transient,68.8,0,0,Check-Out,21-08-2015
City Hotel,0,1,2017,May,19,9,0,1,2,0,0,BB,MEX,Online TA,TA/TO,0,0,0,A,A,1,No Deposit,,,0,Transient,117,0,0,Check-Out,10-05-2017
City Hotel,0,12,2015,October,41,4,1,0,2,0,0,BB,FRA,Offline TA/TO,TA/TO,0,0,0,A,D,0,No Deposit,3,,0,Transient-Party,72,0,0,Check-Out,05-10-2015
City Hotel,0,111,2017,June,25,21,0,3,2,0,0,BB,AUS,Online TA,TA/TO,0,0,0,A,A,0,No Deposit,9,,0,Transient,126,0,0,Check-Out,24-06-2017
City Hotel,0,97,2017,April,17,25,0,3,2,0,0,HB,FRA,Offline TA/TO,TA/TO,0,0,0,A,D,0,No Deposit,28,,0,Transient,115,0,0,Check-Out,28-04-2017
Resort Hotel,0,124,2017,March,13,26,2,4,1,0,0,BB,PRT,Online TA,TA/TO,0,0,1,A,C,1,No Deposit,241,,0,Transient,27.07,0,0,Check-Out,01-04-2017
City Hotel,0,151,2016,January,4,19,0,2,1,0,0,BB,PRT,Offline TA/TO,TA/TO,0,0,0,A,D,2,No Deposit,19,,63,Transient-Party,71,0,0,Check-Out,21-01-2016
City Hotel,0,0,2017,March,11,12,1,0,1,0,0,BB,CHN,Offline TA/TO,TA/TO,0,0,0,A,A,0,No Deposit,22,,0,Transient,75,0,1,Check-Out,13-03-2017
